video_id,comment_id,comment_content,author,published_at,like_count,reply_count
hayLeqAkX7I,Ugyy3IjYogxPHBG0mn14AaABAg,This Ownership has killed our club,@07siuuuu,2025-12-28T23:03:50Z,0,0
hayLeqAkX7I,UgzpkEZJJA0e77UpZDd4AaABAg,Why is Estevão not playing? 😅😅😅,@renan00almeida,2025-12-28T23:01:03Z,0,0
hayLeqAkX7I,Ugyr9-B8p7P59EVL9jd4AaABAg,Chelsea stop losing the game please you are blue you are my favourite team the whole time please stop losing the game 😊,@irafas1706,2025-12-28T21:20:54Z,0,0
hayLeqAkX7I,Ugzmj6-g7w7TB-kgroV4AaABAg,I swear we need to stop buying useless wingers. Could have bought Morgan Rodgers but who did we go for Garnacho and Gittens.,@mathewfrancis5878,2025-12-28T21:11:35Z,0,0
hayLeqAkX7I,UgxVT-V8AC8VI_3jmJd4AaABAg,dead stadium,@AARON-wn5hp,2025-12-28T20:43:35Z,0,0
hayLeqAkX7I,UgwrLkqJ3iuKUtV0zYx4AaABAg,Playing Malo guto at left back had the mind to bench fofana bloody hell mate,@ZoneGeesSquad,2025-12-28T20:38:50Z,0,0
hayLeqAkX7I,UgyoN72_VeLQaHJDRpN4AaABAg,"Pff, how can we let this slip? With Badiashile leading the way. that man really should not be playing for Chelsea anymore. Yesterday he played as if he was in a friendly training match, absolutely terrible. And it wasn’t just him; Watkins completely ran him ragged. I also don’t see the added value of Liam Delap yet.  every time he plays he picks up a card and seems more focused on the opponent than on the game.",@MounirC-w8j,2025-12-28T19:14:53Z,0,0
hayLeqAkX7I,UgzUjxr39mvoi2wPN3l4AaABAg,Love it when this team loses,@JoelDouglas-c3n3p,2025-12-28T19:11:29Z,0,0
hayLeqAkX7I,UgyEAN5cT6rwhPLbUih4AaABAg,Delap is trash,@CalvinAgesa-d1g,2025-12-28T18:27:23Z,1,0
hayLeqAkX7I,UgzPfPDdcw9Ghqoo6qd4AaABAg,Chelsea terlalu menguras tenaga di awal pertandingan dan Aston Villa membalikkan keadaan dengan ketenangan di saat Chelsea lelah.. Taktik yang bagus dari pelatih Unai Emery. Dari Indonesia🇮🇩 menyaksikan 👏👏,@LaDoto-o2x,2025-12-28T18:26:05Z,1,0
hayLeqAkX7I,Ugy2mTBSjIyMzr7k3y54AaABAg,Premier league strikers getting braces against us.... Chelsea strikers getting yellow and red cards...... Yeah it hurts watching your team rebuild nonsense for the last four years......,@zaiceman982,2025-12-28T17:48:07Z,0,0
hayLeqAkX7I,UgwF3r8VV-Fq0Rmqp394AaABAg,"Chelsea played for 60 minutes like the best team in the world, and then for 30 minutes like a second-division side. Same story every time.
Badiashile simply isn’t good enough, and our wingers lack quality when you compare them to Hazard and Willian / Pedro back in the day. Garnacho in particular is just not acceptable at this level.
That said, Chelsea were outstanding for 60 minutes against such a strong team — not many teams can do that.
It really doesn’t feel like much is missing. Maybe it’s experience, maybe fitness — I honestly don’t know. For every Chelsea fan, it’s a complete mystery.",@Dario1994x,2025-12-28T17:46:53Z,0,0
hayLeqAkX7I,Ugwo0M_SbHsc-3DTPxF4AaABAg,Should that been a handball cause it surely was,@Khadijoelmi-c7r,2025-12-28T17:40:41Z,0,0
hayLeqAkX7I,UgwKRJ4WBz2hXNOmhiR4AaABAg,When I convert the weekly wage of the some of our players I'm not making that in a year in my currency and these players looks happy to lose 🤦🏿‍♂️ every season when it's Christmas it's the same thing......last season we were second in the league and what happened going into the January transfer window?,@876busy,2025-12-28T17:35:08Z,0,0
hayLeqAkX7I,Ugz4l8p8TRbnzY7Gvlh4AaABAg,첼시 지금 선수진들을 봐라 과거 드로그바 람파드 체흐가 있던 시절이 아니다 현제 첼시에서 월드클래스라고 말할수있는 선수가 누가있어??,@차태민-w5b,2025-12-28T17:18:05Z,0,0
hayLeqAkX7I,Ugwn_O8Np67QP7W7y614AaABAg,첼시가 빌라한테 진것은 억울할 일이아냐 진짜 명문클럽은 오랜시간 잔류한 빌라니깐 첼시는 돈으로 상승한팀일뿐~,@차태민-w5b,2025-12-28T17:13:19Z,0,0
hayLeqAkX7I,Ugy4HSU1ByKhMFGLPX94AaABAg,"Bek Chelsea kayak bapuk dan finishing kali ini jelek sekali..... Makin susah ngejar kampium ini. bagaimana Maresca senang
gonta ganti pemain yang dalam beberapa pertandingan menunjukkan penampilan on-fire... Maresca kayak kecanduan gonta ganti, asal gonta-ganti dia senang, akhirnya ngasal. Dia kayak pingin dikenal berhasil krn strategi rolling pemain. Dia lupa, strategi ini akan berhasil jika semua pemain punya skill merata.",@gstagungayuputuparianingsi1949,2025-12-28T17:12:47Z,0,0
hayLeqAkX7I,Ugwf825baQteRMBNkdx4AaABAg,"I am disappointed to follow Chelsea club, the coach is a coward, especially the owner",@SutanNsti,2025-12-28T17:12:04Z,1,0
hayLeqAkX7I,UgzqZN2pOKEuArSyF6d4AaABAg,Haha The Bule Lose,@SafiRahil-t2x,2025-12-28T17:09:48Z,0,0
hayLeqAkX7I,UgwlzrecpV15w1uGcVx4AaABAg,Next thing Aston Villa wins the PL,@TZOBIEntertainment,2025-12-28T17:04:00Z,0,0
hayLeqAkX7I,UgyzJ3hT4S2-1r9eaXV4AaABAg,💩💩💩💩😢,@eldenring3279,2025-12-28T16:45:36Z,0,0
hayLeqAkX7I,Ugz1vTdaODIy0Vzm-j14AaABAg,Chelsea deserved to win but villa has luck on their side💯,@youniskhan4575,2025-12-28T16:44:11Z,0,1
hayLeqAkX7I,Ugydh9QiEeC0bPlxaSB4AaABAg,beli back dong pliisss,@chelseachelsea7466,2025-12-28T16:34:07Z,0,0
hayLeqAkX7I,UgzW-UoqZUnfaAIxVgZ4AaABAg,Wait where’s the rest of the highlights!!!!,@krisomarcrispin1035,2025-12-28T16:24:07Z,0,0
hayLeqAkX7I,UgzYVjrZwyWZK5-9moh4AaABAg,😢 bad performance,@dodik6460,2025-12-28T16:16:42Z,0,0
hayLeqAkX7I,Ugz-yqVhtH8MSKs0zLl4AaABAg,5/18 Chelsea points in December 😓,@jack.1.,2025-12-28T16:09:36Z,0,0
hayLeqAkX7I,UgwTEvfzYplsDzab5Sh4AaABAg,"Like Do The Goals, copy.",@akissmode,2025-12-28T16:04:56Z,0,0
hayLeqAkX7I,UgzENXXvnJ-OlUgHyDt4AaABAg,Club owners treating this club like a pyramid scheme for trading players. Shameless individuals!,@simonwk,2025-12-28T16:03:04Z,0,0
hayLeqAkX7I,UgxcxSVD265ubboGBgR4AaABAg,Something is wrong with maresca..he is to blame,@SimonMunyingi,2025-12-28T15:57:14Z,0,0
hayLeqAkX7I,Ugxc6X9QIF4UnJjnURJ4AaABAg,Maresca has no clue!!!! Chelsea will never be champions with this guy.,@renjit2988,2025-12-28T15:46:09Z,0,0
hayLeqAkX7I,Ugws5mOzjhoWuEXDIdd4AaABAg,"HOW LONG DO WE HAVE TO PUT UP WITH THIS SHITTY BOARD OF DIRECTORS WHO KEEP Maresca in his position, a shitty coach who does nothing but sink Chelsea, a coach who's worthless, and a defense made up of bad black players who are good for nothing? They gave away the Premier League",@DanielPacheco-z5x,2025-12-28T15:45:49Z,1,0
hayLeqAkX7I,Ugxw9rIJkqDDGcXOkL54AaABAg,"We're fed up with Chelsea hiring losing managers who only come to learn how to run a team at the club. If that's the case, they should charge these apprentice coaches for using Chelsea as a training ground for future managers.",@DanielPacheco-z5x,2025-12-28T15:45:03Z,1,0
hayLeqAkX7I,UgxXtc8SMsnaJdxlKDF4AaABAg,Don’t think Maresca understands that not making CL next season will mean he’ll have the worst 48 hours as much as he wants cos he won’t be the head coach anymore if that happens,@MeiA-h9r,2025-12-28T15:18:18Z,0,0
hayLeqAkX7I,UgwQcRezMYmLFV0TCZ54AaABAg,Chelsea letting down garnacho,@meat_loves_wasabi,2025-12-28T15:15:02Z,0,0
hayLeqAkX7I,Ugw14ZU0VETlqcvRyqt4AaABAg,"Guys here's what I think about this loss:
1. Villa's just too damn lucky; strikes from Cole, Reece and others were perfect, but were rejected by the woodwork or random Villa players standing there.
On the Villa side, Watkins's first goal was pure luck, lucky rebound coming from Sanchez, who was perfect all game long.
2. Our team is perfectly fine; this team has just got soooo much potential, but they should keep on working some things that were missed during the game (Enzo's shot at the start should end up becoming a goal). Otherwise everyone actually played well. A positive note comes from Cole who could have easily had two goals if it wasn't for Villa's luck. 
Each player on this team is class, they just have to adjust some small things.
3. Refs; that Maatsen intevention on the cross to Neto should have been ruled a pen, but apart from this and other small imperfections we should never put the blame on refs.
4. Energy has got to change; we haven't done well in the last couple of games, but Chelsea was pretty good in all of them: what I think could be the problem is energy: this team is talented, plays togheater and is clearly having fun on th pitch but once things get bad (even just when the other team ties the game), it all starts going downhill. If this YOUNG (we have to keep in mind that this is the youngest team in the Prem) team learns how to react to these upsets, its going to be dangerous; unfortunatly this takes time... P.S. notice how most of the games we win are the games where Chelsea stars off with 2, 3 goals and the other team never makes it difficult for them by never equalizing the game. 
5. One last thing we, as fans, could do is not to criticize players. Chelsea isn't like this, I'd expect this from other clubss but not Chelsea. We should always appreciate the work these boys put in day in and day out. We can suggest things but lets not ''attack'' a player just because he isn't doing well, if we keep on doing this he wont reach a better form.
Thanks for your time.",@vvvvvvvvbbbbbbb,2025-12-28T15:02:02Z,0,0
hayLeqAkX7I,Ugz73mYnUvd6Lyk4oEd4AaABAg,"Unlike with sky sports, the obvious handball was shown here and not given cause the ref was paid off so Vila could make history.",@theroom4286,2025-12-28T15:00:41Z,0,0
hayLeqAkX7I,UgyOHbC56oUk2EEeibN4AaABAg,"The most annoying part is that we’re stuck with these bunch of kids for the next 6789 Years,😅😅😅😅 We’re doomed.",@chibuzormartin2143,2025-12-28T14:59:47Z,0,0
hayLeqAkX7I,Ugy4T7ETZ1Xt2YNyCjJ4AaABAg,What happened,@bagusfs9235,2025-12-28T14:54:58Z,0,0
hayLeqAkX7I,UgzxAuUJUWdAa4WqvyZ4AaABAg,Chelsea trở nên tầm thường như vậy khiến cho người hâm mộ bực bội vô cùng. Với huấn luyện viên tầm thường như vậy đến bao giờ,@hainguyenthanh3817,2025-12-28T14:54:52Z,0,0
hayLeqAkX7I,UgzZCXEi_9ON1nOrO2p4AaABAg,Peluang bnyk kalah nya ssma sekelas aston vila z blues ☕️,@IzzySetyawan-g4z,2025-12-28T14:53:08Z,0,0
hayLeqAkX7I,UgwddY5bhVRpS-k_PCt4AaABAg,Peluang bnyk kalah nya ssma sekelas aston vila z blues ☕️,@IzzySetyawan-g4z,2025-12-28T14:53:05Z,0,0
hayLeqAkX7I,UgxrOxvgrUfNAd2wi-h4AaABAg,Poooooooor Smurfs!,@evandrogouveia294,2025-12-28T14:47:34Z,0,0
hayLeqAkX7I,Ugwb7pTMZBNbtiA0x5R4AaABAg,Come back 😀😃😄😁😆😅🤣😂😅😅😅😅,@Ffdd-p7h,2025-12-28T14:47:19Z,0,0
hayLeqAkX7I,Ugx0DdBPsrW-HFgEaFd4AaABAg,"If you have owners whose SOLE aim is to make a profit this is what you will get. They have appointed SD’s whose incompetence is unprecedented. They’ve loaded club with debt. Done nothing re stadium. Can’t even get a front of shirt sponsor and hide behind Maresca 
Come out and show your faces you cowards !",@Grecians,2025-12-28T14:39:39Z,0,0
hayLeqAkX7I,UgwBjK_RCmZXYrC5eoF4AaABAg,11th win in row,@davidpowell7315,2025-12-28T14:37:40Z,0,0
hayLeqAkX7I,UgwGTsIP8xLhFe0L_id4AaABAg,"Commentators were
Clearly Chelsea fans 😂😂😂",@Vvs-f9n,2025-12-28T14:28:57Z,1,0
hayLeqAkX7I,UgxmbO3FlfZVVyYyHcR4AaABAg,Ok that's good,@nellygesora4060,2025-12-28T14:19:12Z,0,0
hayLeqAkX7I,UgwlmVW6CfRzIbavmv94AaABAg,"Please 🙏 try to get this lineup 3-1-3-3

ganacho.   Neto.     estevao 

                   cole.    

Enzo.        caicedo.      James


cucuralla.      Chalobah.      Fofana 

             
                     Sanchez",@malNaing-jo9rq,2025-12-28T13:59:04Z,0,0
hayLeqAkX7I,Ugx-XUO0gYeCqXy1QWR4AaABAg,"tim EPL sekarang klo corner kick pasti ada yg ganggu kiper, greget aja ama tim kek gini, pecundang",@beritek1001,2025-12-28T13:48:37Z,0,0
hayLeqAkX7I,UgynBW73lbHVPim64PF4AaABAg,Shameful performance Delap out,@milelefeedsltdmilele4426,2025-12-28T13:40:42Z,0,0
hayLeqAkX7I,Ugx9hyyoguG8NaYYSuh4AaABAg,"N
O

M
1
S
H
A
(L0X)

N
O

P
A
R
T
Y",@BbI_Bce_r0BH0,2025-12-28T13:36:00Z,0,0
hayLeqAkX7I,UgwOLY9ClFQj2sEL8kd4AaABAg,"not watch that game, im lucky",@hazwanroyal8572,2025-12-28T13:31:34Z,0,0
hayLeqAkX7I,UgxrdvlkYZE0Lvv8UsN4AaABAg,"We're not going to get anywhere with: Garnacho as a starter on the left wing, Badiashile as a defender, Estevão being a substitute for practically the whole game, replacing Palmer when he could still contribute to the game, using Gusto in inappropriate positions (what's the problem with using Hato as a substitute for Cucurela?), many mistakes, we're far from achieving anything like this.",@diegoizidro2445,2025-12-28T13:31:18Z,3,0
hayLeqAkX7I,UgxIOOOefj47XXKUush4AaABAg,"1:33 That equaliser is the worst one I've seen so far , like fcking Lakaka ahh goal fr 😭🙏",@Hardyantagonism,2025-12-28T13:27:27Z,0,0
hayLeqAkX7I,Ugy3g-HoziOkhIBH4PF4AaABAg,Malu2in 😅,@Supriatnanoah,2025-12-28T13:26:42Z,0,0
hayLeqAkX7I,Ugyow74Gs5Bzdwgd4214AaABAg,"Chelsea players have not fully recovered energy since their 1-1 win against Arsenal, hence the drop in the 2nd half!",@migennepravishta9485,2025-12-28T13:14:32Z,0,0
hayLeqAkX7I,Ugwo6rcU2lES_2-Pwop4AaABAg,"very useless club,a clueless coach and brainless fans who think they know more than the coach but are stuck in couches and can't even win on FIFA EA",@hillarymagaji3782,2025-12-28T13:04:59Z,0,0
hayLeqAkX7I,UgytiWwAxhHw8ARThBt4AaABAg,"Maresca bears responsibility for this loss. How can Badiashile play instead of Fofana or Achemapong? The changes that occur after halftime. Not good enough, really! Btw. Are Delap and Gittens footballers? Did Delap even touch the ball? He is not Chelsea material. Change Nico J for him is one of the biggest jokes. I'm so mad",@bonitawise,2025-12-28T12:58:17Z,393,7
hayLeqAkX7I,UgzWFY3LX9oOuhg2zKN4AaABAg,Мудрику на фронтттт,@ДемонКорн,2025-12-28T12:53:49Z,1,0
hayLeqAkX7I,UgyfE8ETgajTSO_KDcN4AaABAg,Pinalty kick to Chelsea bos!,@RakabumingRaka-q7x,2025-12-28T12:30:41Z,0,0
hayLeqAkX7I,UgzO21nfNLuioiZ57554AaABAg,Stupid coach and stupid management...,@baoncosta2275,2025-12-28T12:23:14Z,1,0
hayLeqAkX7I,UgyVwI2C_iHqenDd9Yx4AaABAg,"Its like villa purposely lulled Chelsea into a false sense of security, , Chelsea got played,big time😂 Villa were rampant last 30 mins.
Rope a dope football.",@tkf1627,2025-12-28T12:20:19Z,0,0
hayLeqAkX7I,UgznvGSHlgT61vZw9KN4AaABAg,"MINERALS WARNED YOU MELTS! WIN, LOSE OR DRAW BLUE CO OUT! NO SURRENDER!",@stevenmichaels4947,2025-12-28T12:11:12Z,1,0
hayLeqAkX7I,UgxA9Vz7ydVVIYbuSo14AaABAg,Good lord,@danielvaega,2025-12-28T12:10:25Z,0,0
hayLeqAkX7I,UgyG3fWNphRwvJ4UY5V4AaABAg,Gusto problem for chelsea,@zuhendrasetiadi5253,2025-12-28T12:09:59Z,0,0
hayLeqAkX7I,UgybQ2qzE4HXXhgrXih4AaABAg,After posting 8-0 then you bring this performance!!?? Next time you post your current affairs so that you uplift your work and leave our legendary performances,@ssekibuuleabdulaziiz5116,2025-12-28T12:08:15Z,0,0
hayLeqAkX7I,Ugyu4rIXYqcLewfAGSx4AaABAg,"Chelsea has no strength in depth, our substitutions showed our lack of quality! Badiashile was poor ….again; like Tosin shouldn’t be playing first 11 football!",@martinjd67,2025-12-28T12:07:22Z,0,0
hayLeqAkX7I,Ugyca0nZaOsARq30sbB4AaABAg,We waisted too many chances 1st half😢,@chris_nyamayaro,2025-12-28T11:59:27Z,0,0
hayLeqAkX7I,UgxJ4Nazii8GzxHGaOh4AaABAg,What the hell happened to chelsea fc 🥺🥺🥺,@RamosMalngiang,2025-12-28T11:58:37Z,0,0
hayLeqAkX7I,UgxJP-UciUoAzuGH7qh4AaABAg,The commentator is a Chelsea fun 🫣🫣🫣,@EdwinOngombi,2025-12-28T11:47:04Z,1,0
hayLeqAkX7I,UgzIddfN_jAx9R-D0at4AaABAg,"Bek nya terlalu bodoh,, ganti yang lebih berpengalaman,,",@arifauzi9773,2025-12-28T11:46:38Z,0,0
hayLeqAkX7I,Ugxjpd6TkR-eTJtn4gJ4AaABAg,"Chased Jackson who has a decent first season with Chelsea with 17 goals following season 13 goals and I’m not including assists, yes he misses chances but you can’t deny he’s a good ball carrier and crests chances and makes the opposition defense uncomfortable only to spend 70 on gittens, 40 on garnacho, 35 on delap 🤦🏽‍♂️",@JP-vh8bt,2025-12-28T11:34:31Z,0,0
hayLeqAkX7I,UgwqukO2YwY3yuiWoHN4AaABAg,Charity FC,@hrr597,2025-12-28T11:31:34Z,0,0
hayLeqAkX7I,Ugw6QtGN58V5DKbafvp4AaABAg,Sanchez is such a disaster.,@pratikchaudhary6839,2025-12-28T11:30:16Z,0,0
hayLeqAkX7I,UgytBYfnhqm02wv45ER4AaABAg,Could of won that game easy was brilliant first 50 mins. No suprise badiashele ruined it giving ball away so disappointing to lose that one when it was in our hands. Poor subs again,@CB-jj4hm,2025-12-28T11:29:27Z,1,0
hayLeqAkX7I,Ugw7pdTGfG7rURY_M9h4AaABAg,"I really despise our defense rotation, Maresca needs to make some valuable signings this transfer window cause if Badiashile\ Tosin starts we guaranteed to lose. Additionally, we need a world class striker as well cause Delap isn't good enough for a big club such as Chelsea [Marc Gui is a better striker than him in my opinion], if we want to even contest for titles this season there needs to be depth in the defense and the strikers.",@WarTornChronicles,2025-12-28T11:23:01Z,2,0
hayLeqAkX7I,UgwB6nltAX5S43YIBKN4AaABAg,"If the best we can do is to be fighting for a Conference League position with Sunderland, Brentford and Palace, can we take that ridiculous World Champions badge off the front of the shirt. Really is embarrassing.",@christian-dv,2025-12-28T11:15:25Z,0,0
hayLeqAkX7I,UgwU60MiI1T-hMiFIoB4AaABAg,Cheleng🐖,@CitarateCitarate,2025-12-28T11:08:27Z,0,0
hayLeqAkX7I,UgznULtuE5uJpZK-IrZ4AaABAg,เสมอพวกกูๆด้ตอนนั้น ร้องจะลุ้นแชมป์555,@kadinans8473,2025-12-28T11:02:54Z,0,0
hayLeqAkX7I,UgxjgA__kMFo9VRFaSJ4AaABAg,"As a United fan, Im still waiting for Garnacho to prove us all wrong for ever thinking he should be on the bench. I guess ill wait to see if he will next match 😂😂😂",@jasonrollins1385,2025-12-28T11:01:36Z,0,2
hayLeqAkX7I,Ugw-CNADQ0si1blHMx54AaABAg,You went ahead to beat Barca,@OlamiLekan-d6v,2025-12-28T10:55:10Z,0,0
hayLeqAkX7I,Ugy2NemV_woMq-Rnry14AaABAg,😢😢,@muchammadsyakir399,2025-12-28T10:54:35Z,1,0
hayLeqAkX7I,UgwPt8WMTYmnUk9K2ux4AaABAg,Get garnacho out here and delap and badiashile and gittens🤬😡😠😡😡😡😡,@qadnazir2341,2025-12-28T10:50:49Z,0,2
hayLeqAkX7I,UgxQll9n9ZARMFEbXM94AaABAg,Badiashile is just adesgrace😢,@johnbarasa039,2025-12-28T10:50:23Z,0,0
hayLeqAkX7I,UgyvUHXs6-cMScnxyhB4AaABAg,Props to Sanchez and Reece because they've been TOP for a while now. I can't say the same about the rest.,@palesaaaa_,2025-12-28T10:47:36Z,2,0
hayLeqAkX7I,UgxLbCiBJltsHlO4HJN4AaABAg,"If you have spent over 1.5 billion pounds and can't match Villa's quality, you should be investigated. It's a shame.",@anaxikay5448,2025-12-28T10:46:43Z,6,0
hayLeqAkX7I,Ugz4d3-3RKNc1-EGLlN4AaABAg,chelsea is only good in front but very bad in defense and goalkeeping,@AgusMuziana,2025-12-28T10:45:10Z,0,0
hayLeqAkX7I,Ugy1NVe2nhMPo2vqcVp4AaABAg,We're just not the same club since Abramovich left. The recruitment strategy has been horrendous.,@anaxikay5448,2025-12-28T10:42:17Z,6,0
hayLeqAkX7I,UgxCQiaqChLkdHLsyZt4AaABAg,В этом году Астон вилла будет в тройке 💪,@БаронБелый,2025-12-28T10:36:02Z,1,0
hayLeqAkX7I,UgzWRTLRMo5JRumv06B4AaABAg,"What a shame, First part, We literally beat Aston Villa what happened second part? As if Aston villa beat us with great experience",@MehdiyevOrxan,2025-12-28T10:27:36Z,0,0
hayLeqAkX7I,UgyVTiQawcWhmgv6OjR4AaABAg,Chalobah coated us against Newcastle and today he's costing us again 😢....Achempong needs to be given time,@lavicvic4054,2025-12-28T10:22:45Z,0,0
hayLeqAkX7I,UgzqlWrSZ6u1LpU6zVB4AaABAg,Why Maresca INSISTS playing our defenders on the edge of the box game after game when we're defending is beyond me. There goes another 3 points...,@RugoGaming,2025-12-28T10:22:10Z,0,0
hayLeqAkX7I,Ugy8uY1gUXX1HBWmXpd4AaABAg,What a performance,@tryyhydsgbhkshdsh,2025-12-28T10:20:27Z,0,0
hayLeqAkX7I,UgyLFSDLOFJNWHcdJbd4AaABAg,Palmer has been playing dogsh*t,@neur-h4b,2025-12-28T10:16:33Z,1,0
hayLeqAkX7I,Ugzr4Q0xTB8Ad86eh4J4AaABAg,"There is a 10- point gap between Chelsea and Villa(the 3rd) so far...
And there's a 11-point gap between Chelsea and the 17th team so far...
IT'S NOT FUNNY ANYMORE...",@ldongcioj4371,2025-12-28T10:11:14Z,1,0
hayLeqAkX7I,UgyJr0JohUAdP98TslR4AaABAg,1:25 who is the Def that supposed cut that ball out,@inspector3188,2025-12-28T10:10:16Z,0,0
hayLeqAkX7I,UgymFNY1Oxrwl9pbB194AaABAg,Problem is not Badiashile but problem is Maresca!!!,@baddygram,2025-12-28T10:07:21Z,0,0
hayLeqAkX7I,UgxTMzRaDeRYcI5VCwR4AaABAg,"Maresca should be gone by 1st january, this is unacceptable!!😡",@baddygram,2025-12-28T10:03:54Z,0,0
hayLeqAkX7I,UgzBdMj_LJU9cDsWmpR4AaABAg,Maresca out. Second rate manager at best,@ikennaarthur3285,2025-12-28T10:02:28Z,0,0
hayLeqAkX7I,UgxOCuD4IFGWa5GDYh94AaABAg,We no get level at all... CWC champions una... Maresca out please,@adamsyusuf2593,2025-12-28T10:00:04Z,0,0
hayLeqAkX7I,Ugyo9_iagp0bPzIETQF4AaABAg,Астон Вилла в гонке за чемпионство!,@SergeevTravel,2025-12-28T09:57:42Z,1,0
hayLeqAkX7I,UgwNyDMPw7eaiZPjxHl4AaABAg,Chelsea missed their chances that was the result of the loss we don't take our chances and it's really affectingbus we should have easily won this game,@MikelChukws-jr2jn,2025-12-28T09:56:38Z,0,0
hayLeqAkX7I,UgwdV5INIbgTdq7MXnN4AaABAg,"For me,waching Aston Villa reminds me of a player,his name is JUAN PABLO ANGEL....❤❤❤👏🏻👏🏻👏🏻👍🏻👍🏻👍🏻🙏🏻🙏🏻🙏🏻",@ArySusantyo,2025-12-28T09:54:14Z,1,0
hayLeqAkX7I,Ugzxlasu_Mz-HDYG7XZ4AaABAg,"BlueCo Model and Maresca's constant tinkering have destroyed the CHELSEA DNA and we are a joke , We have needed a real Experienced STRIKER for 4 years and not replacing Thiago Silve with a experienced replacement costs us every game, this team has NO mentality or consistency.",@SW6Steve,2025-12-28T09:52:43Z,0,0
hayLeqAkX7I,Ugw9_JpZ7druZnDwtnB4AaABAg,Aston Villa new champion!!!BRAVO Emery,@AshleyYotkin,2025-12-28T09:52:00Z,0,0
hayLeqAkX7I,UgxO74PDqh2EuECpUZd4AaABAg,What a good game 👏 👏 👏,@ichigobagus,2025-12-28T09:49:10Z,0,0
hayLeqAkX7I,Ugxi_KJ5IexkhwNgi9p4AaABAg,"Badasheli isn't a good defender, look at the mistake he course 😢",@stevenjerry2601,2025-12-28T09:46:58Z,0,0
hayLeqAkX7I,UgwQfFck9ck7qrXYXeh4AaABAg,Estevao being a reserving player behind these wingers is crazyyy,@haupil4565,2025-12-28T09:46:03Z,2,2
hayLeqAkX7I,Ugy1w0AFyjgtLEyjXX94AaABAg,Chalobah is not different from Badiashit and Tosin when it comes to defending.,@haupil4565,2025-12-28T09:45:20Z,0,0
hayLeqAkX7I,Ugxr8yehw_-YGEhrTFN4AaABAg,That's handball all day,@umukorodaniel7718,2025-12-28T09:44:48Z,0,0
hayLeqAkX7I,UgzDlo_XxNnRgDj3tQV4AaABAg,"Maresca, give us a definite starting XI. Stop these unnecessary substitutions — some players shouldn’t be getting playing time.😭😭😞",@Air_drops-y9m,2025-12-28T09:43:57Z,0,0
hayLeqAkX7I,UgxhpeefIeZFeX858BB4AaABAg,"When I see Garnacho playing I immediately change the channel. Picking up ManUtd leftovers, pathetic. Also Maresca, what is he doing. Driving Ferrari like Golf, does not work.",@sephirothfemto,2025-12-28T09:43:08Z,0,0
hayLeqAkX7I,UgyyjiIKFWyt-OiNur14AaABAg,Cfc have a miserable 6 points from the last 6 games. You only have to look at City or Villa  they have 18 each from the last 6. Just shows how poor Cfc are. Maresca needs to play his best players but has to get the best out of them. Or go,@Roarlikealion5,2025-12-28T09:40:56Z,0,0
hayLeqAkX7I,UgzQcevefcy3z36AQAZ4AaABAg,"Get the fans good striker, not delap, that can't lap himself 😮😮😮😊😊",@stevenjerry2601,2025-12-28T09:38:35Z,0,0
hayLeqAkX7I,UgymsT7ksDAEtSxGd394AaABAg,Awful,@brightohaka3960,2025-12-28T09:36:25Z,0,0
hayLeqAkX7I,UgwrzSVfmZqI3j63bT94AaABAg,lose again,@minatosuki5983,2025-12-28T09:34:52Z,0,0
hayLeqAkX7I,UgzART-QO0hVZO-rnVR4AaABAg,Chelsea commentator almost in depression mode🤣,@NaresKaranjit,2025-12-28T09:34:00Z,0,0
hayLeqAkX7I,UgweilpB614E2Wfil6N4AaABAg,Deserved loss.  The second villa scored the 1st you knew chels were losing this game.  I don't understand how delap and gittens keep getting game time.,@JustinWilson01,2025-12-28T09:32:54Z,0,0
hayLeqAkX7I,Ugw0iY2Hg4WcOAYdPzB4AaABAg,Shame of londo,@thebrainhacker4486,2025-12-28T09:30:31Z,0,0
hayLeqAkX7I,UgzqderbLFvAGbBQtQB4AaABAg,Maresca out,@ryansselenkeya517,2025-12-28T09:25:00Z,0,0
hayLeqAkX7I,UgyakwlAd-XLa6L2w0N4AaABAg,Maresca out!!!!!!,@branislavkigagi6293,2025-12-28T09:20:30Z,0,0
hayLeqAkX7I,UgyY-mZHNeOmIdcPj-B4AaABAg,"It's not about holding on to the bal, it not about possession, it's not about shooting perfectly. It's about 3 points no matter how the ball get inside the net even if it means changing strategy just to keep your one goal. Reason arsenal, Man City and Aston Villa is top talked teams who will be the champion because they know the mission.",@emmanuelasomugha8814,2025-12-28T09:12:04Z,0,0
hayLeqAkX7I,UgzrheraucLtmCJfLal4AaABAg,I stand with my gaffer💙💙,@lizandayi9536,2025-12-28T09:00:19Z,0,0
hayLeqAkX7I,UgxxnrX753gcWddf6AF4AaABAg,Maybe Chelsea should just go to Arab league lol u guys ruins my real chelsea,@ryanachmad9054,2025-12-28T08:59:58Z,0,0
hayLeqAkX7I,Ugzzsnly3Txu11EKrEN4AaABAg,delap was defending his honors in that second goal (there are none),@vinhpham6484,2025-12-28T08:59:22Z,0,0
hayLeqAkX7I,UgwaHGoZgIHGCGeCy1V4AaABAg,"Почетино создал великолепный коллектив .,демонстрирующий красивый футбол в лице каждого звена в команде . Пришёл Мареска и сломал эту конструкцию ..  , в следствии чего многие талантливые игроки Челси покинули команду по разным причинам . Думаю владельцам клуба необходимо задуматься .,  а не пригласить ли обратно в Челси Почетино ?",@Gadamsch,2025-12-28T08:56:44Z,0,0
hayLeqAkX7I,UgygWvloUIwUZZAOQFp4AaABAg,"1st half was fire 
Wth was that 2nd half performance 
Someone should Tell maresca to pick a starting 11 and stick to it
Badiashille had no business with starting this game",@sirjesse5278,2025-12-28T08:50:16Z,0,0
hayLeqAkX7I,UgydYAiHMW9fnrcdL2N4AaABAg,Shameful. You have the audacity to post this,@kushalghosh581,2025-12-28T08:44:08Z,0,0
hayLeqAkX7I,UgwhkR8MATG31DbyaBN4AaABAg,"Chelsea have to start becoming more of a set piece team, because you will dominate most of the game but still lose because you don't know how to make set pieces and score.",@BolDau-u7j,2025-12-28T08:43:32Z,0,0
hayLeqAkX7I,UgyeQX6Vj6RSX1WBir14AaABAg,Lah apaan chelsea buang2 waktu saja tidak bisa konsisten terus menerus...,@channelcakson1988,2025-12-28T08:41:44Z,0,0
hayLeqAkX7I,UgwYEq8cMEaX4cYmxpN4AaABAg,"Chelsea's biggest issue is how we lose the ball inside the opponents box. Our wingers or who ever finds himself with the ball at the wing to cross, will just uslessly cross the ball and hopes someone gets it. That's the most useless playing style I have seen. You dont just kick the ball inside the box, you have to read the and see who you can give it to to score. If chelsea don't change that, then forget about winning. Maresca is more of a dominating manager, and he forgets about set pieces. Very useless",@BolDau-u7j,2025-12-28T08:38:58Z,0,0
hayLeqAkX7I,UgyMF25DjTwMmEaRDIN4AaABAg,chelsea was dead in the 2nd half,@FootyFactsAfrica,2025-12-28T08:38:41Z,0,0
hayLeqAkX7I,UgzBq5gQU6KW93vfJX54AaABAg,Playing like prime real madrid for 60 mins and then playing like wolves for the last 30 mins 💔,@shubh7490,2025-12-28T08:37:31Z,0,0
hayLeqAkX7I,UgzpzlBzFiTUy75ENpx4AaABAg,"Does the battery for commentator depleted when Aston Villa soccers or when they have a moment. When Chelsea soccers or misses a chance, commentators sound very serious and energetic but on the Aston side it is as its a corner that has been given",@lugisanimulaudziLG,2025-12-28T08:34:29Z,2,0
hayLeqAkX7I,UgxIkEFUGRvv8RS5mtp4AaABAg,Thunder fire all of una you put shame in my face once again overrated club fiakwa,@AnimalKingdom1-x2m,2025-12-28T08:24:39Z,0,0
hayLeqAkX7I,UgzgP6ohOzv_WAc282p4AaABAg,"It's not on maresca to be blamed for this one,it was the players that couldn't finish their chances when they had them,it should have been 2 or 3:0 at half time and it was not maresca on the pitch to execute those chances,just a disaster..",@GsquadRR,2025-12-28T08:17:39Z,0,0
hayLeqAkX7I,UgwxQu4tq_87BQECWzJ4AaABAg,"It’s what we get for not killing off this game early, such a team of losers, badiashile and trev are useless. Neto and Garnacho were pathetic and the subs came way too late for Marescas walkie talkie, absolute joke of a club",@RaftEditz,2025-12-28T08:15:15Z,0,0
hayLeqAkX7I,UgwwVPCCdBu8vjGWfK94AaABAg,We are isht,@InVinceSible-k7v,2025-12-28T08:07:50Z,0,0
hayLeqAkX7I,UgyF6jhDgKLRn4QxIa14AaABAg,We are in a title race 🥀🥀🥀😭😭,@VisheshJain-h07-v,2025-12-28T08:07:12Z,0,0
hayLeqAkX7I,UgxsQXGQy-UzSnmVIJ14AaABAg,Billion dollar  blue bottle 😂😂,@VisheshJain-h07-v,2025-12-28T08:06:51Z,0,0
hayLeqAkX7I,UgzjS1LcT3tyMTNMTUh4AaABAg,Barcelona Curse 💀💀,@VisheshJain-h07-v,2025-12-28T08:06:05Z,1,0
hayLeqAkX7I,UgxGQ_sw0vhuQydorrl4AaABAg,Wow what a game chelsea gonna win this year maresca best manager 😂,@prashuryagoswami6122,2025-12-28T08:05:51Z,0,0
hayLeqAkX7I,UgwzFr7TYhrMPfJAdXV4AaABAg,Chelsea fans will soon complain about the starting lineup,@OlawaleSamuel-e1g,2025-12-28T08:05:41Z,0,0
hayLeqAkX7I,Ugwkil_JM38d_WULHbF4AaABAg,The voice of this commentator almost died whenever aston villa scored😂😂😂,@patrickndibanje1082,2025-12-28T08:04:29Z,1,0
hayLeqAkX7I,UgxDhU9UOkNjGh4qsVB4AaABAg,The first half was so good but the second half was bad.,@VISHRUTSHENOY,2025-12-28T08:02:49Z,0,0
hayLeqAkX7I,UgzaMKs57O7QfgO6oCp4AaABAg,Reece James is Top top class,@AnarchistKropotkin,2025-12-28T07:55:19Z,0,0
hayLeqAkX7I,UgzkkwAtPsb-t_vejNJ4AaABAg,Aston villa the monster,@IbnuRozak-z4q,2025-12-28T07:52:19Z,0,0
hayLeqAkX7I,UgzqDqkuq1_dJCAB14l4AaABAg,Sanchez deserves all the praise,@AlekThon-v4d,2025-12-28T07:47:20Z,24,0
hayLeqAkX7I,UgwTyuUWjfHyp9ALw5d4AaABAg,"Thanks to Enzo Maresca for giving us a heartbreak  , what a sub ? Maresca you're not serious in your job better know you're a manager soon you may leave the club . Is that protection for Cole palmer remember his injury was not from matches it was training  making stupid subs and leave badiashile on pitch are you protecting the player from title race?",@PremierleagueClubZone,2025-12-28T07:46:32Z,1,0
hayLeqAkX7I,UgygowgjacSk2MLk4hV4AaABAg,Winning 2 Disneyland titles and Chelsea fans thought they were actually something 😂,@ladaithanh4507,2025-12-28T07:44:04Z,0,0
hayLeqAkX7I,UgyE-Y2yuHDaYa6jDCp4AaABAg,"when you see badiashile or Tosin in any match, that's automatically a loss",@KakoozaCharles-g6t,2025-12-28T07:37:06Z,0,0
hayLeqAkX7I,UgyHKsIPFbKCyMdlcx54AaABAg,"I think this coach is a Gambler,he would be sached",@MugishaDamas,2025-12-28T07:35:04Z,0,0
hayLeqAkX7I,UgxI2pc7pi6hVXkMgsl4AaABAg,Same old Chelsea,@a7xforever769,2025-12-28T07:29:55Z,0,0
hayLeqAkX7I,UgxdhAvCYf_06v22wMx4AaABAg,Come on boys! 💙,@badboyskizzi,2025-12-28T07:29:05Z,0,0
hayLeqAkX7I,UgzJnpaLU6sQuhAAcLx4AaABAg,Maresca brought his books and pens to study with Emery for a year before returning to manage Chelsea.,@KhanhLe-st3fm,2025-12-28T07:27:41Z,0,0
hayLeqAkX7I,Ugzn1WxK9c0Aj3pPDE94AaABAg,Barcelona Chelsea 2008/09...,@FB_maqa1907,2025-12-28T07:27:09Z,0,0
hayLeqAkX7I,Ugwi6OvHqHyGai0heO94AaABAg,Chelsea be like give 1 take 2,@vinicius.j.r777,2025-12-28T07:27:01Z,1,0
hayLeqAkX7I,UgxlWmQawP5LfA2ky6N4AaABAg,13 points dropped from winning position this season,@fridaypeter4379,2025-12-28T07:23:48Z,0,0
hayLeqAkX7I,UgxeS-t0UzvEu0oXipV4AaABAg,it's happen again. ... oh ok arsenal need 3 seasson. 😅 i just please myself. come on 💙,@nanatttw,2025-12-28T07:19:47Z,0,0
hayLeqAkX7I,UgxiWyaZO3fEKx2JD0N4AaABAg,The comentator is a chelsea fan😂,@reginaldauthentic1422,2025-12-28T07:18:17Z,0,0
hayLeqAkX7I,UgxaQEIdzFdWM_uF6lh4AaABAg,The world champion 😂,@rancu5720,2025-12-28T07:14:09Z,0,0
hayLeqAkX7I,UgzQCWArgvJNm9Mxaxd4AaABAg,"The Chelsea-paid commentator has no words to describe the shock whenever Aston Villa scores. . . I'm So happy 

Aston Villa has beaten all the big EPL clubs this season except Liverpool. 

Unai Emery is cooking",@ArthurJohnsonNwokolo-JANZ,2025-12-28T07:06:25Z,0,0
hayLeqAkX7I,UgyWhw_Br8wjsS8t5eN4AaABAg,Coach and Players are mediocres😂😂😂😂😂,@farhanirsyadi9953,2025-12-28T07:03:40Z,0,0
hayLeqAkX7I,UgxPsMMz3h0lZWN4Oc14AaABAg,Maresca out!,@MatroudDiallo-n4k,2025-12-28T07:02:47Z,0,0
hayLeqAkX7I,Ugws2AHyBjVaoSwr4xZ4AaABAg,"Getting hit by a comeback from the opposing team at home, it really hurts.",@HermanTamsuyakuza-cj9rg,2025-12-28T06:52:29Z,0,0
hayLeqAkX7I,Ugx6m8LyOLNN0384VPp4AaABAg,I was very confident until I saw Badiashile in the line up.,@supermiha2004,2025-12-28T06:52:09Z,0,0
hayLeqAkX7I,Ugy0x6hFOorxMZmapgF4AaABAg,Best first half and worst second half?,@supermiha2004,2025-12-28T06:48:59Z,0,0
hayLeqAkX7I,UgweLI-T44uXq0RQbPl4AaABAg,Again and again stupid defender,@Muhie99,2025-12-28T06:46:16Z,0,0
hayLeqAkX7I,UgyIsHSvMenUocCf1px4AaABAg,Badiashile stupid defender 😂😂😂,@chelseafc1646,2025-12-28T06:46:12Z,0,0
hayLeqAkX7I,UgzQFM7dR66imKlG5IV4AaABAg,Sanchez its not good,@kiluazoldyck1700,2025-12-28T06:43:44Z,0,0
hayLeqAkX7I,UgzESlY7j1sg0HjpX5d4AaABAg,"As i've said a week ago,, fabregas in...",@be-jorakchannel7437,2025-12-28T06:42:41Z,0,0
hayLeqAkX7I,UgwmCF463L01T-ekNNh4AaABAg,"We got two choices.. either maintain the best squad throughout the campaign or keep rotating just to be boasters.

The premier league is not easy as even a single error can cause us the whole game.",@ZulKhairi-p4p7d,2025-12-28T06:36:06Z,0,0
hayLeqAkX7I,UgzdXdDNw83rX4NMpnJ4AaABAg,"We missed way too many goal scoring chances in 1st half
.

Out attack looks clueless n the finishing 3rd

Just hate garnacho

The subs made no sense",@Shorts-or1ln,2025-12-28T06:30:48Z,0,0
hayLeqAkX7I,UgwmloL7eWxkbCRPypR4AaABAg,WKWKWK,@tukuketan398,2025-12-28T06:29:36Z,0,0
hayLeqAkX7I,UgxCAyRqKG85Fe12pvh4AaABAg,World champions of nigeria or india😂😂,@Akadiye10,2025-12-28T06:27:36Z,0,0
hayLeqAkX7I,UgwwpSLCngdPz2Mn9ed4AaABAg,"in january trnsfer please doing something, bring a solid centre defender and creative plan mildfielder,still same idea,doing well early but not thrown a chances to win",@aaronrizan,2025-12-28T06:26:15Z,0,0
hayLeqAkX7I,UgymvwwZ8HdWOXGyoFl4AaABAg,Why pk was not taking abi no be foul again like Gordon do last weak,@TaiwoGbolahan-u6w,2025-12-28T06:24:44Z,1,0
hayLeqAkX7I,UgwD7C6CyJazATQl3LR4AaABAg,"This team is not good in passing and shooting, many chance to shoot no one on target.
Playing Badiashile in CB is the worst decision 
You have Fofana and Chalobah 
Playing Useless striker like Delap is stupid decision 
No Hungry, No Passion, No Creativity
I doubt we can reach top 4 or top 5 in the end of the season with result like this",@theonapit3400,2025-12-28T06:23:26Z,0,0
hayLeqAkX7I,Ugxk4CxQfTDoSKv8_ep4AaABAg,"No one blame Badiashille again, how he fools everyone like Bakayoko is criminal.",@kazanx6292,2025-12-28T06:18:50Z,0,0
hayLeqAkX7I,Ugz1O5lxLd-RIEMGu1R4AaABAg,A team that take potshots every time they shoot,@valleeny,2025-12-28T06:12:24Z,0,0
hayLeqAkX7I,Ugw07h-ZYNifDqbKWQF4AaABAg,"Line Up

Chelsea 

Sanchez 1 (GK)
James 24
Chalobah 23
Badiashile 5
Cucurella 3
Caicedo 25
Fernandez 8
Neto 7
Palmer 10
Garnacho 49
Joao Pedro 20

Aston Villa

Martinez 23 (GK)
Cash 2
Konsa 4
Lindelof 3
Maatsen 22
McGinn 7
Kamara 44
Tielemans 8
Buendia 10
Rogers 27
Malen 17",@muhammadafifharist4602,2025-12-28T06:07:32Z,1,0
hayLeqAkX7I,Ugz1DTCFdtE-qtOEn_V4AaABAg,"Gusto again losing player he should be marking for Villa second goal , 
First goal conceded had luck as well with double deflection.
Set piece coach … why no player defending posts on corners ? 

The bench isnt strong enough - Gittens should go on loan , Gusto should be sold , 

A senior experienced leader is needed for this young group …

This season cup comps and maybe top 4 but thats going to be difficult

Ownership : you have gad three years : you took over a Rolls Royce winning machine … if no domestic trophy won this season then you have broken the model.",@charliebrinkley3913,2025-12-28T06:06:49Z,0,0
hayLeqAkX7I,UgywkAwfcumJFxrE0wF4AaABAg,"Maresca out, tosin out",@RickiHarianto,2025-12-28T06:04:26Z,0,0
hayLeqAkX7I,UgxK09E6kI8EsENNYiR4AaABAg,I want maresco out !!! He is ruined us 😡😡😡😡,@anders20314,2025-12-28T05:56:50Z,0,0
hayLeqAkX7I,UgyWfxY09qbuNTteyml4AaABAg,If you guys continue like this another conference league waiting,@COURAGE_BRAVE212,2025-12-28T05:52:17Z,1,0
hayLeqAkX7I,UgxpICSNmf3xcTOvPQR4AaABAg,"Badiashile gifted the ball to the opponent like a Christmas present, straight to their feet for a goal! 🎁😂",@COURAGE_BRAVE212,2025-12-28T05:51:17Z,8,0
hayLeqAkX7I,UgxVs_uWka1pS0ZyVPp4AaABAg,Stricker chahiye bhai,@cyril4n,2025-12-28T05:49:55Z,0,0
hayLeqAkX7I,UgzJf7NjjxG6DvjQa454AaABAg,Maresca out !,@Phậtphápvôbiên6789,2025-12-28T05:49:19Z,0,0
hayLeqAkX7I,UgyKzS7DbgoISGvJPex4AaABAg,Tolong konsisten baik! Sudah merasakan kebadutan... 😢,@markaji2454,2025-12-28T05:48:27Z,1,0
hayLeqAkX7I,UgzBUkRtf5IM72XgeTB4AaABAg,Chelsea 3-2 Aston Villa 2025/2026,@GesangAhmadPrayoga-t2p2z,2025-12-28T05:45:02Z,0,0
hayLeqAkX7I,UgySuHiTfScYdSZGd8p4AaABAg,"We were unlucky at home 
Defence is still a big issue 
We need to get rogers in transfer.
Palmer is best at RW than at AM",@aaarefrigeration9615,2025-12-28T05:43:02Z,0,0
hayLeqAkX7I,UgwUPjUqDmsMKcjciYx4AaABAg,Unai emery>>>>> whole Chelsea squad,@hello-ng6mf,2025-12-28T05:42:38Z,0,0
hayLeqAkX7I,UgzK8ehGYYnfs4TS_z14AaABAg,Vamos MARESCASSHOLE...,@IceOne_74,2025-12-28T05:41:25Z,0,0
hayLeqAkX7I,UgzKUToxQ47f0nYDVOJ4AaABAg,"Get rid of the manager. You can give him 20 ans, he will still not make it happen. Look what Emery has done with Aston Villa.  We too need an experience Spanish coach. That's the trend 😂😂😂😂",@TreboR1966,2025-12-28T05:37:41Z,0,0
hayLeqAkX7I,Ugw-J4qmWTZ8vNWog694AaABAg,Maresca out,@MMABOXINGSHORTS.,2025-12-28T05:36:26Z,0,0
hayLeqAkX7I,UgxQqzmwN25BkNd7NTl4AaABAg,"How Maresca sees himself: Pep
How Maresca really is: Leverkusen ten Hag",@Hugh_Amungus,2025-12-28T05:35:44Z,6,0
hayLeqAkX7I,UgzINAMD0xeMpUORQ2t4AaABAg,How can you start badiashitey over fofana in a crunch match like this? Same thing happened at Atalanta. Maresca you're sick,@danolasya,2025-12-28T05:35:02Z,0,0
hayLeqAkX7I,UgxnCFv-aLEDwMC8eTF4AaABAg,Chelsea can only perform for half a season can't take them seriously,@AldrichArends-f2s,2025-12-28T05:30:34Z,0,0
hayLeqAkX7I,UgxH0LYZ_4h54gDnNrh4AaABAg,Up the fuckin villaaaaaa 🎉🦁💯💜🩵,@KLocco,2025-12-28T05:29:10Z,0,0
hayLeqAkX7I,UgyunEej_qP-zAJ8h0N4AaABAg,ChelSea muốn vô địch NHA thì nên thay đổi hlv đi kẻo muộn đấy,@HoaiPhongPham-r6c,2025-12-28T05:28:12Z,0,0
hayLeqAkX7I,UgwoWS1hehLgoy3Smuh4AaABAg,Should have not substituted Palmer,@Controlroom1Firefox,2025-12-28T05:27:41Z,1,0
hayLeqAkX7I,UgzRsipP7auJVWjHVJR4AaABAg,"WHY BADIASHILE?, WHY?",@rezhawdan,2025-12-28T05:23:28Z,0,0
hayLeqAkX7I,UgxKU37Y6wfuNpV_lC54AaABAg,resistance is futile... you will all be assimilated under the villa,@ianjackson2534,2025-12-28T05:23:27Z,0,0
hayLeqAkX7I,UgzJ8pzm2EvP1M4Fj314AaABAg,"Good to see our curse is working on U guys, till now 😂😂❤️💙",@Barcelonaisgreat,2025-12-28T05:16:03Z,0,0
hayLeqAkX7I,UgxA54bqSd3RI8WZRJt4AaABAg,Jackson's pressing is still needed in this team,@TimePortalBC,2025-12-28T05:14:56Z,6,1
hayLeqAkX7I,UgzbuqgkGmjnvSLDJEl4AaABAg,It's high time for Maresca to go he was supported enough.,@TimePortalBC,2025-12-28T05:13:57Z,0,0
hayLeqAkX7I,UgwChCb6Yl-vNUUrGv14AaABAg,Enzo Maresca is now failing,@TimePortalBC,2025-12-28T05:13:06Z,0,1
hayLeqAkX7I,UgxsTVxG8HDY881hCqR4AaABAg,No Mudryk - no party !!!!,@30th-o7w,2025-12-28T05:09:55Z,0,0
hayLeqAkX7I,UgyBoPpBnVN7JclSLrx4AaABAg,Embarrassing loss. A team of arrogant fakes.,@CherrystoneDr,2025-12-28T05:08:25Z,0,0
hayLeqAkX7I,UgyEOp7GtkwdnQxfK1t4AaABAg,Delap out,@dirty_paaws,2025-12-28T05:07:24Z,2,0
hayLeqAkX7I,Ugx9Ap5DlIcyVFC_q7V4AaABAg,We become something of a stupid and useless club in December,@ErastoMulimo,2025-12-28T05:00:37Z,0,0
hayLeqAkX7I,UgycZowYUM_-CsRELdd4AaABAg,"Another one!!! 🎉🎉🎉
Do it Villans do it go!!!!",@k.sokmikzeomic,2025-12-28T05:00:26Z,0,0
hayLeqAkX7I,Ugy2rv_GTtGbrMjToX14AaABAg,play 🤡 clowns in centre back and you will never win get rid of badshialle and Tosin in fact chalobah  not far off,@futurefightslive,2025-12-28T04:57:35Z,0,1
hayLeqAkX7I,Ugy4px2Q7O-NyXv-XD94AaABAg,HAHAHAHA THANK YOU CHELSHIT !!!,@ekkysamuelagiantra,2025-12-28T04:55:05Z,0,0
hayLeqAkX7I,UgzMVl1M9LvXOzhjWqJ4AaABAg,Blue Co out,@Insania1-q1b,2025-12-28T04:54:36Z,0,0
hayLeqAkX7I,UgzHquyc95bqKGX71gd4AaABAg,I will never understand the logic of taking out Jackson for Delap,@GlobalSourcingChina-1,2025-12-28T04:52:14Z,0,0
hayLeqAkX7I,UgzT6sdxcn-kwLYRzwV4AaABAg,Enzo MareszaOUt,@iinoy-,2025-12-28T04:48:00Z,0,0
hayLeqAkX7I,UgyFqzXZ9DOAO-yEjpB4AaABAg,How can you dominate the entire match and still loose,@okonkwopaschal8056,2025-12-28T04:47:18Z,0,0
hayLeqAkX7I,UgyFDPXaX83RQPGpE_t4AaABAg,"Even though a handball didn't count (really don't know why? ), Chelsea need to score more seriously and stay focused on the pitch. Falling further and further behind the top3...",@ldongcioj4371,2025-12-28T04:45:54Z,12,4
hayLeqAkX7I,UgzJFeorDRRUZil9t1t4AaABAg,I think the owner of the club is happy about this results that's why he is still keeping on maresca,@arnestfrankline9323,2025-12-28T04:41:02Z,0,0
hayLeqAkX7I,UgyNIwNF9uAZCcwYj8J4AaABAg,"chelsea were so dom, get rid of delap tooo agress, enzo well what does he do? and cuckoo left back, cant mark for toffee always pass sideway or backwards, otherwise making of a good team with midfield general, sorry manager u have to go, tooo defensive",@dixonofdockgreen6801,2025-12-28T04:32:32Z,0,0
hayLeqAkX7I,UgwmcfKrqbQ6HGEotpd4AaABAg,😂😂😂😂😂😂😂😂😂😂,@warnawarni6389,2025-12-28T04:31:14Z,0,0
hayLeqAkX7I,UgwDM13BelhMfsSOW5x4AaABAg,Hopefully our bad run ends before new year.. Wish you all a happy new year~ 😊,@alinadacat326,2025-12-28T04:30:55Z,0,0
hayLeqAkX7I,UgwEZO7bqiR-sew0q-d4AaABAg,What delp does when second goal scored on us,@mekonnenseyifu3947,2025-12-28T04:22:49Z,0,0
hayLeqAkX7I,UgxKieuvJwn-CAImXQV4AaABAg,Beating Barcelona is like call loosing by your self,@KhalilAdams1453,2025-12-28T04:21:59Z,0,0
hayLeqAkX7I,UgyRZckbR25rXK9l_lp4AaABAg,"Chelsea played without defensive players,  without attacking players and without managers...what useless team",@mekonnenseyifu3947,2025-12-28T04:21:44Z,0,0
hayLeqAkX7I,UgxYS4HioiD3cokUted4AaABAg,"The history of the ""December Chelsea""",@jasonhuman3869,2025-12-28T04:21:42Z,2,0
hayLeqAkX7I,UgxQSz4uFkwTSAvP-ON4AaABAg,Who tf is our media coordinator... When we lose you upload immediately so we can get angry and hurt but when we win you upload late... We keep waiting and waiting for the upload. What is wrong with Chelsea in general. This is not the way to go.. Honestly,@bishopd1207,2025-12-28T04:20:51Z,0,0
hayLeqAkX7I,UgzpDoHbmziA0ng2VrJ4AaABAg,💪💪💪❤,@Kiya_Aqila1127,2025-12-28T04:18:37Z,0,0
hayLeqAkX7I,UgxZxk7EaH1YbCpnGBx4AaABAg,"CFA ( Chelsea Football Academy ), not CFC (Chelsea Football Club ) 😢😢😢😢😢",@awidikor2821,2025-12-28T04:15:01Z,0,0
hayLeqAkX7I,UgxPORFc0GVpNXx7gFh4AaABAg,Even how much we spent we are still the same 😢😅,@lonedragon4410,2025-12-28T04:11:51Z,0,0
hayLeqAkX7I,UgwHA3gV8WfQC1tWNDV4AaABAg,Hahahahahah lose lose ..,@okkimuhammad1085,2025-12-28T04:09:39Z,0,0
hayLeqAkX7I,UgwelkH51zg3fzZ4GIB4AaABAg,No side has won more points from losing positions in the Premier League this season than Villa (18).,@Disillusioned2022,2025-12-28T04:09:09Z,0,0
hayLeqAkX7I,UgyxUi36dwe8o1YDocB4AaABAg,3 funny words of world champion club 🤣💙❤️,@andi10-m9e,2025-12-28T04:07:58Z,0,0
hayLeqAkX7I,Ugxcp3nm96vZZTBNuoF4AaABAg,"It's sad that everybody is talking about how Chelsea lost,but people are forgetting how gud villa are,11 games without a loss,you really have to give them credit,but like my team arsenal,the blues would have killed this game in the first half",@josephatkiragu5390,2025-12-28T04:06:39Z,0,0
hayLeqAkX7I,UgwVrZXIOIRL6qVwBd14AaABAg,That was a handball.. penalty for sure..where is VAR,@zingzingk121,2025-12-28T04:01:14Z,2,0
hayLeqAkX7I,Ugw75eVtNq6CS05h6SN4AaABAg,So bad,@NailaJaved-w9q,2025-12-28T04:00:04Z,0,0
hayLeqAkX7I,UgwTXTbKWLqHIW0TlLR4AaABAg,Neto and james slapping hands like they already won😅,@kasamilord13,2025-12-28T03:58:55Z,4,0
hayLeqAkX7I,UgxWd7DVzdUkG-jcq0N4AaABAg,Falling further and further behind the top3... getting closer and closer around 10th... Scores between 4-1x th are actually very close... Don't be complacent so easily please,@ldongcioj4371,2025-12-28T03:55:59Z,2,0
hayLeqAkX7I,UgyKe7rB6C1K_wtk1QJ4AaABAg,"AHAHHAHA GARNACHO AHAHAH NETO AHAHAHHA ENZO AHAHAHH DELAP AHAHAHHA GITTENS AHAHHAHA CUCURELLA

SHOOT THE DIRECTORS IN CHARGE",@david-uq9hc,2025-12-28T03:54:56Z,0,0
hayLeqAkX7I,Ugzfi5B46Et4szzcdCN4AaABAg,The Arsenal fan does it for the boys 🥂,@Nottheone24,2025-12-28T03:54:52Z,0,0
hayLeqAkX7I,UgxMXjInGauJ-piJTil4AaABAg,You guys have ruined my weekend again…,@wongyaltamang6907,2025-12-28T03:54:25Z,0,0
hayLeqAkX7I,UgznQwezBzTu8rdTRXR4AaABAg,shame on you chelsea,@freakfireBS,2025-12-28T03:49:02Z,0,0
hayLeqAkX7I,UgwECreclRyt475wWd54AaABAg,Badiashile bek terlawak tahun ini.. 😅😅,@DerWanGa,2025-12-28T03:43:23Z,0,1
hayLeqAkX7I,UgxRRnHpDN95aXRvjmJ4AaABAg,Chelsea to finish in the 8 th position this time. Maresca magic❤❤❤,@renjit2988,2025-12-28T03:40:33Z,0,0
hayLeqAkX7I,Ugy-c6EZsdSolNsr62B4AaABAg,1:05 Wasn't that HANDBALL ? Why ?,@ldongcioj4371,2025-12-28T03:27:42Z,9,6
hayLeqAkX7I,UgyrfUwMofouf7alN2d4AaABAg,Maresca anda hrs mundur krn anda tdk layak memimpin tim ini... inkonsisten ☹️,@alikgedawang-ip1tx,2025-12-28T03:27:14Z,0,0
hayLeqAkX7I,Ugw_XAgQcu5oPvmgDFF4AaABAg,Barca curse,@joyboy_luuuufy_56,2025-12-28T03:26:50Z,0,0
hayLeqAkX7I,UgxD6NzDrnxALLFK7HR4AaABAg,Badiashile again,@peternakmaggot,2025-12-28T03:22:46Z,0,0
hayLeqAkX7I,UgwGNBz1TPfCIKhdj9t4AaABAg,badiashit,@anditapratama8599,2025-12-28T03:20:40Z,0,0
hayLeqAkX7I,UgxVCDtpHuU6RsSepkF4AaABAg,Maresca made mistakes with the substitutions,@thingstoknow5129,2025-12-28T03:17:48Z,0,0
hayLeqAkX7I,Ugy0H58rxCzxo8RzoCh4AaABAg,A manager that keeps joking with titles. You get into a good position then lose points for absolutely no reason. You just can't defend him with experiments week in week out. He's just not lethal at the moment. He thinks he's a project that must take years 😢,@shadrack_john,2025-12-28T03:17:33Z,0,1
hayLeqAkX7I,UgxrEzU6wg22_BkW_nx4AaABAg,The coach made mistakes with the substitutions,@thingstoknow5129,2025-12-28T03:17:12Z,0,0
hayLeqAkX7I,UgwGd2rvou0bRcQXmOx4AaABAg,We need Terry again😢,@fajarsulaiman11,2025-12-28T03:14:48Z,1,0
hayLeqAkX7I,UgyB9Vfo9jDS3gYBg1h4AaABAg,"We got so many chances, they only got two chances and scores. Unlucky",@davyjones8680,2025-12-28T03:10:02Z,0,0
hayLeqAkX7I,Ugybgg9UXCpO0UmHw-54AaABAg,Enjoy your victory Chelsea fans,@lizamh9354,2025-12-28T02:58:20Z,0,0
hayLeqAkX7I,UgxwDEk4dvbuy_R0q3F4AaABAg,Wkwkwkwek,@TeguhSantoso-v1j,2025-12-28T02:54:06Z,0,0
hayLeqAkX7I,UgyxmeYWesJmEdMlrAR4AaABAg,"This is not talking about unai emery masterclass than Maresca.

How many years emery build the team? 3 years since 2022. How many Maresca build the team? Since 2024. 

And maresca build the young team for 1 years and they are still good. 

Maresca only needed some players CB after January and striker real number 9. 


Give the trust on Maresca.",@mutaznudhar1283,2025-12-28T02:51:52Z,0,3
hayLeqAkX7I,Ugy7MK-fkZvu3jCruLh4AaABAg,Can someone tell me what we bought Delap for?,@sugar-rayluvschelsea7233,2025-12-28T02:50:58Z,0,0
hayLeqAkX7I,UgyttINKB0xsw-UyMHp4AaABAg,*MARESCA IS NOT MIRACLE.*,@vppachuau688,2025-12-28T02:48:41Z,1,0
hayLeqAkX7I,UgxIKBC4738O4tenYL94AaABAg,"Maresca Out... Why Facundo not in the pitch? Maresca Out, Championship mentality",@sukunstore394,2025-12-28T02:47:22Z,0,0
hayLeqAkX7I,UgwyjgXE2QDPAmH4Upx4AaABAg,"- Chelsea's game couldn't develop, they often fall and lose the ball very easily..
- The CB didn't even mark the opponent during corner kicks, and left the marking to the LB who wasn't physically stronger, CB is just a dead statue standing in front of the goal while leaving everything to the goalkeeper..
- In the middle Aston villa is better and more effective, it seems Chelsea doesn't have a CM who can read the game and can only pass to the wingers.. from the wings they are waited on by four people to close the space and cut off attacks.. just like that, there is no change in tactics.
- The game is in the hands of Aston Villa and Unai Emery.. they defended very well and took advantage of their chances very well..",@TK-uf8vd,2025-12-28T02:46:58Z,0,0
hayLeqAkX7I,UgykMQ9MUQWaz5J6nZZ4AaABAg,They are waiting for other opponents to surpass them... Falling further behind the top3 (10 points so far)...,@ldongcioj4371,2025-12-28T02:46:15Z,5,0
hayLeqAkX7I,UgyxPGnbAPQVYhcFizh4AaABAg,𝗦𝗧𝗨𝗣𝗜𝗗 𝗔𝗟𝗟 👎🖕,@ZoaLin,2025-12-28T02:43:58Z,0,0
hayLeqAkX7I,Ugyh0TCfeSGtPDVxaUF4AaABAg,I’m very happy🎉👏 1:43,@MangLian-j8m,2025-12-28T02:42:43Z,0,0
hayLeqAkX7I,UgygqYlWMgkklR5sZg54AaABAg,Story of two halves... Poor defending and attack was toothless is second half,@raghuhukkeri,2025-12-28T02:42:42Z,0,0
hayLeqAkX7I,UgwbclmQG_SRXcSvnE94AaABAg,I’m very happy🎉👏,@MangLian-j8m,2025-12-28T02:41:46Z,0,0
hayLeqAkX7I,UgzbN8hO_OnGHYR8FvN4AaABAg,I’m very happy🎉👏,@MangLian-j8m,2025-12-28T02:41:37Z,0,0
hayLeqAkX7I,UgzfPIGHv81fvupyf254AaABAg,Get rid of both Enzo’s,@LIBlockeem25,2025-12-28T02:41:23Z,0,0
hayLeqAkX7I,UgxjTJ_LkxtGStoH5f94AaABAg,"Chelsea's initial mistake was in Baduasil, and inappropriate substitutions, Enzo Maresca withdrew Palmer and Garnacho.",@tafakamal2343,2025-12-28T02:40:34Z,6,0
hayLeqAkX7I,UgxhujZmGsTLrchTljR4AaABAg,Maresca out,@Robinafwan-c7y,2025-12-28T02:37:11Z,0,0
hayLeqAkX7I,UgwJsoXNg-pxQk3kErd4AaABAg,Careless players and useless coach stop dirtifying the club.,@abdisalandiesha1566,2025-12-28T02:36:07Z,0,0
hayLeqAkX7I,UgxF9R-Qs45JFH6sBZV4AaABAg,rotten garbage garnacho,@GalangSky-r3t,2025-12-28T02:33:03Z,0,0
hayLeqAkX7I,UgwBgzIgQR-ahLOcRMB4AaABAg,Payah club,@yudhaprasetya8023,2025-12-28T02:31:46Z,0,0
hayLeqAkX7I,UgxezSCJn098uoDJ0eN4AaABAg,"Statistics
Chelsea dominated most part of the game. Ball-possession 63%.
Aston Villa : how nice.
I say Chelsea did not dominate but just created a lot of chances and were too sloppy, unfocused to finish and take the win.
Having a lot of ball-possession is not the same as dominating a game if you don't know what to do with it.",@Take__l__This__l,2025-12-28T02:21:51Z,0,0
hayLeqAkX7I,UgzKzu9bs5UjjaxNUkt4AaABAg,"Gittens 75 millions, garnacho 40, Hato 45, Delap 35 millions xd Chelsea should have bought woltemade instead of gittens 😡😡😡 maresca outs",@javierbiere9457,2025-12-28T02:19:07Z,12,7
hayLeqAkX7I,Ugzb1azYI9GRUNJquDt4AaABAg,Watkins father of Chelsea 🤣,@subedi7778,2025-12-28T02:14:28Z,0,0
hayLeqAkX7I,Ugz0U9ZYNiTNW6qUQOV4AaABAg,Beating Barcelona was the problem 😂,@Ng_gythy,2025-12-28T02:14:23Z,0,0
hayLeqAkX7I,Ugx73vVJFX6Hi0mULih4AaABAg,mourinho is watching with a smile. and holding his phone waiting for a call....,@danho6002,2025-12-28T02:12:28Z,3,0
hayLeqAkX7I,UgwhMhEuitJQol87BAR4AaABAg,The defense (except for the goalkeeper) has made Chelsea a mediocre team,@hoangang5759,2025-12-28T02:11:50Z,4,0
hayLeqAkX7I,Ugyo0_wPiO52hXtEwOV4AaABAg,"60th minute, what the hell happened?
Brains fall out of the players? Villa yes made changes but it’s like the lads just completely forgot how to play football from that moment onwards….ridiculous",@Squidge1313,2025-12-28T02:09:25Z,0,0
hayLeqAkX7I,UgzGVLUdV4AMwg8oF854AaABAg,😂😂😂😂😂😂 loser,@kyawgyi-r3e4z,2025-12-28T02:08:13Z,0,0
hayLeqAkX7I,UgzoVqK4ToeuCdPfzM54AaABAg,Emery 🔥,@arisimfoni988,2025-12-28T02:06:26Z,1,0
hayLeqAkX7I,Ugw_4fOp_BrQ58VqTxB4AaABAg,The coach should start Estavao regularly..then the results will come....,@jeffrybrojeffrybro5151,2025-12-28T02:06:22Z,0,0
hayLeqAkX7I,UgxkF5oHpiIBphsDjUN4AaABAg,Well well well 🤦,@GrimBlaze7,2025-12-28T02:06:01Z,0,0
hayLeqAkX7I,UgwoyoDb5yKp7ah2vyZ4AaABAg,They cut the video when badiashile give the ball to villa then watkins can score villas first goal,@radiansitumeang5475,2025-12-28T02:00:18Z,40,3
hayLeqAkX7I,UgzuWZZFm2ndiGrJy294AaABAg,BADUT 🤡 LONDON,@murintosasongko8228,2025-12-28T01:55:46Z,2,0
hayLeqAkX7I,UgyEltY7Y6eu9xzH_N54AaABAg,"첼시는 왼쪽 윙어에 1억 파운드를 썼는데, 그 돈 중 절반만 센터백 사는데 썼어도 이번 시즌에 승점을 꽤나 지켰을거다. 기튼스를 산 것은 도르트문트에 60000000파운드를 기부한 거지. 우크라이나에 무드릭을 영입하면서 70000000유로를 기부한 것으로 부족했나?
로메오 라비아는 3년 동안 한 경기를 100% 소화한 적이 없지. 
애당초 투헬(현재 잉글랜드 감독)이라는 감독을 어이없게 해고한 마두로같은 구단주들과 보드진들이 문제다. 
내가 10년도 더 봐온 첼시는 항상 우승에 도전하는 팀이었는데, 지금은 아스널이나 토트넘처럼 챔피언스리그에 출전하는 것만으로도 만족하는 패배자가 됐어. 
빌어먹을 미국 야구 시스템 좀 폐기처분해라, 브라이튼에 패배하고, 몰락한 맨체스터에 패배하고, 빌라같은 팀한테 원정도 아닌 홈에서 지는게 말이되냐? 
지금 마레스카를 해고하면 지능이 금붕어만도 못한 구단주들과 보드진이 클롭이라도 데려올 수 있냐? 토트넘이 토마스 프랭크를 데려오듯 이번에도 얼마 못갈 능력 없는 감독이나 영입하겠지. 또 돈있으면 뭐하냐, 10억 파운드로 유망주나 사겠지. 
첼시가 무슨 유치원이야? 
지금 첼시는 런던에 있는 파란색의 맨체스터 유나이티드 같다. 
축구는 미국 야구하고 다르게 현재가 없으면 미래도 없어.",@Alfmxkx12,2025-12-28T01:53:47Z,0,0
hayLeqAkX7I,Ugyx-jw4am1DhVOXeV94AaABAg,Các đội top đầu đều thắng nhưng chỉ có mình chelsea là thua.,@nhatkydoday8811,2025-12-28T01:48:44Z,2,0
hayLeqAkX7I,UgzieFC07gyovyl2U1N4AaABAg,Day cry 😢,@lytuananofficial,2025-12-28T01:43:04Z,2,0
hayLeqAkX7I,UgxriBEkX_9h4o3i96F4AaABAg,Stupid fullback,@bennoe1254,2025-12-28T01:42:09Z,0,0
hayLeqAkX7I,Ugy5uVjjL8QXcXYv6gp4AaABAg,Please recruit experienced defenders,@yas3545,2025-12-28T01:39:27Z,2,0
hayLeqAkX7I,Ugwoi3akri41V1S7OLF4AaABAg,"""We beat Barcelona 3-0"" FC 🤣🤣🤣🤣",@zengaming1234,2025-12-28T01:38:25Z,0,0
hayLeqAkX7I,UgzEozD5zm5q3OIZS994AaABAg,Moresca MUST GO,@ChristianOdoemene-r7e,2025-12-28T01:33:54Z,3,0
hayLeqAkX7I,UgwD_xsJFvA8_9yyi3J4AaABAg,Moresca OUT,@ChristianOdoemene-r7e,2025-12-28T01:32:50Z,0,0
hayLeqAkX7I,UgznxaICxtCZz6Ah3OZ4AaABAg,Enzo moresca OUT,@ChristianOdoemene-r7e,2025-12-28T01:32:29Z,0,0
hayLeqAkX7I,UgzzxAIDbWmuoGbqPtp4AaABAg,Garnacho needs another hair cut. Or maybe even new teeth. Lol needs to get some respect for himself.,@andrewi2954,2025-12-28T01:28:28Z,0,0
hayLeqAkX7I,Ugwb8dqp-o5oZ9gmaul4AaABAg,Gapapa nanti kitaa balas tahun depan blues,@farizalmaulidi4391,2025-12-28T01:28:03Z,0,0
hayLeqAkX7I,UgxTfU5eGePsAtg-TA54AaABAg,Kok bisa livverpool kalah sama klub kyk gini,@yusufilyas489,2025-12-28T01:27:51Z,0,0
hayLeqAkX7I,UgzLLbONWq_Oy_-1VEx4AaABAg,So Funny!!,@evhansdaphne,2025-12-28T01:27:14Z,0,0
hayLeqAkX7I,Ugz2RWdwQ3K94MehitV4AaABAg,How was that not a handball by the villa player? Any other team and it would’ve been a handball. The arm is away from the body which constitutes a handball. Simple,@AGTV10,2025-12-28T01:25:24Z,1,0
hayLeqAkX7I,UgxHL_sr9_PpHqI6u1d4AaABAg,Commentators funny as 😂😂😂😂😂,@Imi_brian,2025-12-28T01:22:38Z,0,0
hayLeqAkX7I,UgzpSH9GR8zb4SD4d6R4AaABAg,"Meresca has to go, he can take Gusto, Sanchez and Fernandez with him.",@AGTV10,2025-12-28T01:20:02Z,4,0
hayLeqAkX7I,Ugxq-CVwJlP8ygvcYUN4AaABAg,Enzo maresca why Cucurella out....player good...badiashile or chalobah out and in player fofana and acheampong.....😢,@andreChelsea-rc6py,2025-12-28T01:18:46Z,1,0
hayLeqAkX7I,UgyoW9wbVb2c2pPBhM14AaABAg,5-6 chelsea no big four,@ahmadbadhali2340,2025-12-28T01:17:37Z,0,0
hayLeqAkX7I,UgxEIdG4YBfA1V01ISp4AaABAg,It's boring to watch Chelsea now easy to predict Chelsea to lose,@aaabeeeaaasheeelaughs3466,2025-12-28T01:14:54Z,1,0
hayLeqAkX7I,Ugxm6K5mtXYzaPK32rx4AaABAg,lose 1 million dollars support chelsea to win,@oktariansah89,2025-12-28T01:14:22Z,1,0
hayLeqAkX7I,Ugx3XCgRssxv7Rzdi6B4AaABAg,Maresca must go,@aaabeeeaaasheeelaughs3466,2025-12-28T01:14:05Z,3,0
hayLeqAkX7I,UgzrfT4QX13VaNFVkCR4AaABAg,"I hate every single one of the Chelsea players. They don't deserve the patch, they don't deserve our love",@tokyotidien,2025-12-28T01:11:44Z,1,0
hayLeqAkX7I,UgwWZCg09WOxSChk1Id4AaABAg,"The problem stil defend, defend Chelsea so worst",@febrifebriansyah925,2025-12-28T01:10:20Z,1,0
hayLeqAkX7I,Ugz5_5D36-buIhepAIB4AaABAg,🤣🤣🤣,@delarae9464,2025-12-28T01:08:54Z,0,0
hayLeqAkX7I,UgwR-Iz0cRKt_idR4IN4AaABAg,Why badiashile again when the windows was valable he refuse to bring a class Defender now we are paying,@MustaphaKebe-e9x,2025-12-28T01:08:10Z,1,0
hayLeqAkX7I,Ugw8dVKNI2s2hrCLfJJ4AaABAg,Garnacho and gittens useless once again,@dg_selfpaid5628,2025-12-28T01:07:46Z,0,0
hayLeqAkX7I,UgzjOK07cAIZG5RXz2t4AaABAg,semua berawal dari pasing bodoh badiahshile,@wahyudidi-du1td,2025-12-28T01:05:47Z,0,0
hayLeqAkX7I,UgyS9haMeDTu9lLeW7l4AaABAg,"With the trash and mediocre squad this club has right now, do you really think we can finish in the top four?
Keep dreaming, you idiotic management. Bastards.
Lawrence, Paul, Joe Shields — you really are dogs. Look at the squad you’ve handed to this experiment-obsessed bald guy.
He loves his ridiculous experiments, yet all you’ve given him is a squad full of trash and mediocre players.
Absolutely depressing.",@adasrapratama9649,2025-12-28T01:03:18Z,0,0
hayLeqAkX7I,UgxYn2-3hmna2Uz_SBt4AaABAg,The study of loosing games is called chelseaology 😂😂😂,@gitscecilia4940,2025-12-28T01:00:36Z,1,0
hayLeqAkX7I,UgxIfPvKcfHEJR-I5mp4AaABAg,"Malo gusto and badishile got low ball iq when it comes to set piece defending 🤦‍♂had a Stake bet on us winning this one and feels like they threw the game for us man. they always leave a man unguarded which is just hopepless.... We really need to find stability in our defense, the team is going to struggle to hit the 60 point mark at this rate 😩",@andreiazevedo15,2025-12-28T00:59:15Z,756,6
hayLeqAkX7I,UgwgpSnbv-jc0VAJnoR4AaABAg,"What’s really wrong with this Chelsea club???
I’m very tired of their weakness upfront  😢
Jesus Christ of Nazareth 😢",@HomieboyUSdollar,2025-12-28T00:57:56Z,0,0
hayLeqAkX7I,Ugzhl_rOKsZfpC2r7dN4AaABAg,Too disguested to even watch 🤮,@judas57650,2025-12-28T00:56:13Z,0,0
hayLeqAkX7I,UgzfwH-YSvwpRiqlBWB4AaABAg,Bring home Jackson instead of Delap is much better Jackson,@DenaNurwana,2025-12-28T00:53:35Z,1,0
hayLeqAkX7I,Ugy_SHTJPy8Qdy5uN4N4AaABAg,MARESCA OUT,@thefisherman06269,2025-12-28T00:52:07Z,0,0
hayLeqAkX7I,UgxejjI4LAgQ8O1xNgF4AaABAg,1.5b spent Chelsea dumb supporters are delusional like the club owners. 😂🤣,@joys2986,2025-12-28T00:51:54Z,1,0
hayLeqAkX7I,Ugy8zYBLtOFV8BgKAw14AaABAg,"Chelsea........
 we are farkin losers.",@Cocoa_nutz,2025-12-28T00:51:32Z,0,0
hayLeqAkX7I,UgzbIdhspjahXFYziSJ4AaABAg,Wasit konyol,@Synyster123,2025-12-28T00:50:34Z,0,0
hayLeqAkX7I,UgwQgF5LtLvKK-wKok54AaABAg,School boy defending at it's best. I'm gutted,@Richmondkwame666,2025-12-28T00:49:38Z,1,0
hayLeqAkX7I,Ugwe-wEcNLIBGup6mcp4AaABAg,maresca is a clown,@1987benhur,2025-12-28T00:47:21Z,0,0
hayLeqAkX7I,UgzvfQOHxjCZwJH8qmx4AaABAg,"Blame the manager all you want. Even Villa have a better squad than us with our immature players. Villa has a great share amount of experience which wins them such games. BlueCo has to reassess their ways of signing players because we won't compete with these lads, or else sell the club!",@legendaryme253,2025-12-28T00:45:50Z,0,0
hayLeqAkX7I,UgwiWCwkpE96DxE9cXJ4AaABAg,"Goal from a setpiece and lost by a setpiece, so happy as a arsenal fans to see this 😃",@bungaldo14,2025-12-28T00:45:08Z,0,2
hayLeqAkX7I,UgyaYIQ1y0KxhoNzKBt4AaABAg,"Chelsea , doing what Chelsea does. bottle job when it comes to the league",@joshuachin1189,2025-12-28T00:41:24Z,5,1
hayLeqAkX7I,Ugwm4p2j5IIszq9YPZl4AaABAg,Why cacicedo just watching the ball in  opponents 1st goal? 😡 1:22,@ridhoahmadmagfurlah9026,2025-12-28T00:41:02Z,1,0
hayLeqAkX7I,UgxZVzG-3paXNWJpJtB4AaABAg,A cross went wrong he meant that these commentators,@RoysonWilliams-g4g4c,2025-12-28T00:39:32Z,0,0
hayLeqAkX7I,Ugyj73_X5G7UhK8MTc14AaABAg,mending persib bandung ini mah,@sandyramadhani3506,2025-12-28T00:38:46Z,0,0
hayLeqAkX7I,UgzPxoU0QxuE-HFrw_d4AaABAg,"Chelsea benar-benar tumpul, merindukan penembak sekelas Drogba, Essien, Lampard yang bisa menembak akurat memanfaatkan ruang sekecil apapun",@MAENTEPOKAN,2025-12-28T00:38:17Z,1,2
hayLeqAkX7I,Ugzvz-ePLL0k3O_YXql4AaABAg,Kalah melulu. Bahkan dikandang sendiri,@desartono,2025-12-28T00:35:37Z,0,0
hayLeqAkX7I,Ugw30_dFwk9Pgypr3rt4AaABAg,Banggain piala dunia sampe akhir zaman😂😂😂😂😂,@yudhispratama,2025-12-28T00:35:25Z,0,0
hayLeqAkX7I,Ugw7akyOF8hSLfmX9St4AaABAg,"Great Goal From Joao Pedro. 

Chelsea FC Defeat against
Aston Villa at Stamford Bridge stadium 
score by 1-2.

Commentator : Matt Davies Adams.",@tirtoananda4348,2025-12-28T00:34:45Z,4,0
hayLeqAkX7I,Ugz7fnlA4rFHjtU2QQx4AaABAg,"Put Estevão in to play; he draws the attention of the opposing defense, creating space and opportunities for his teammates in other positions. Besides causing havoc in the opposing defense, he's a starter for the Brazilian national team and won the duel against Yamal, one of the best players in the world today, despite all the pressure of the football world, helping Chelsea thrash Barcelona...",@DeuséFielSempre-f9h,2025-12-28T00:30:45Z,17,1
hayLeqAkX7I,UgxsDMfLuCnEXfQMGIZ4AaABAg,😢😢😢,@yudhihk623,2025-12-28T00:24:49Z,0,0
hayLeqAkX7I,Ugye1ndYY5dp5OsZZ1t4AaABAg,"We may as well just hire the services of T. Silva, even if it’s for a couple of months. Defenders not solid enough.",@gilbertadjei8423,2025-12-28T00:24:36Z,5,1
hayLeqAkX7I,UgwUgYpra2nfycl6Ch54AaABAg,"This is nothing
Annual Massacre of this club in
December January February
Is going good",@Anyonymus123,2025-12-28T00:23:54Z,1,0
hayLeqAkX7I,Ugws_GhexOHf-BCDv1h4AaABAg,Your ST and GK were useless.,@benimarta2027,2025-12-28T00:23:46Z,1,0
hayLeqAkX7I,UgyQakLK6NUPzh6y2EJ4AaABAg,"Estevão , é o melhor",@marcioiwakoski934,2025-12-28T00:23:07Z,2,0
hayLeqAkX7I,UgwpDHNsvstvf50tx794AaABAg,"Esse maresca , é mimado",@marcioiwakoski934,2025-12-28T00:22:39Z,2,0
hayLeqAkX7I,UgyA5uyRcRY4P3bNPtR4AaABAg,Estevão é fenômeno,@marcioiwakoski934,2025-12-28T00:22:00Z,6,0
hayLeqAkX7I,Ugy5V-hwHNHNCEo8r6R4AaABAg,O Estevão bota qual quer jogador no bolso,@marcioiwakoski934,2025-12-28T00:21:40Z,5,0
hayLeqAkX7I,UgzjvdYdxxBFxBtZG-x4AaABAg,Esse técnico do Chelsea é várzea,@marcioiwakoski934,2025-12-28T00:20:47Z,2,0
hayLeqAkX7I,UgwnYg-8fUQbsKNMMOF4AaABAg,Estevão tá pronto,@marcioiwakoski934,2025-12-28T00:20:16Z,0,0
hayLeqAkX7I,UgzCzwFl6wCoj00a38Z4AaABAg,Eu sinto que o técnico é imaturo,@marcioiwakoski934,2025-12-28T00:19:42Z,4,0
hayLeqAkX7I,Ugyx69kcNOp1p-vt4VF4AaABAg,Who scouted Delap,@iamzagadat-05,2025-12-28T00:19:12Z,0,0
hayLeqAkX7I,UgwjRTED64E3N7bsGbd4AaABAg,1:2 😂😂😂,@kaungchitoo9853,2025-12-28T00:18:19Z,0,0
hayLeqAkX7I,Ugx9h8YzpdcqbRGspSt4AaABAg,Way to ruin Christmas defense,@Jaydeekay-f7f,2025-12-28T00:18:07Z,2,0
hayLeqAkX7I,Ugw164Xxeh0vZS4aWWZ4AaABAg,"6 pts from 6 premier league matches😂😂😂
Arsenal 1
Leeds 0
Bournemouth 1
Everton 3
Newscaste 1
Aston villa 0",@benjamindadzie9657,2025-12-28T00:18:01Z,0,0
hayLeqAkX7I,UgxGbjitNcjsb-ga0854AaABAg,Maresca out,@usmannur5402,2025-12-28T00:16:36Z,0,0
hayLeqAkX7I,UgzQ5CvqOBlg_kY-Kb54AaABAg,Class emery,@muhammadfarismuhtadi121,2025-12-28T00:12:52Z,0,0
hayLeqAkX7I,UgwhWGV1SYktRR-N_Kl4AaABAg,I truly miss Jackson and he's far better than Delap,@QwesiScarface,2025-12-28T00:12:02Z,3,0
hayLeqAkX7I,UgzmEjW_sbqfAvBg3dN4AaABAg,"ENZO FERNANDEZ PLAYING EVERY MINUTE OF THIS GAME WAS CRIMINAL. DELAP IS STEALING A CHECK AND NOT SERIOUS ABOUT FOOTBALL. JAO PEDRO IS AN ABSOLUTE PO PASSENGER UNLESS THE BALL IS AT HIS FEET AND GARNACHO WHO COULD HAVE TWO ASSISTS TODAY SEEMS TO NOT BE ABLE TO SHOOT. SUBBING OFF PALMER FOR STEVE AND GUSTO WHO DIDNT MARK HIS MAN WAS AN ABSOLUTE HOWLER. IM ABSOLUTELY SEETHING AT THAT LAST 50 MINUTES OF FOOTBALL.. SHOUT out to BIG ROB, CUCU, REECE CAICEDO AND PALMER FOR TRYING. TREV PLAYED OK UNTIL HE JUST GOT OUTPLAYED BY WATKINS NOT CRASHING ON HIM EITHER. UP THE CHELS. JANUARY 1ST COULDN'T COME SOONER",@driddo5k282,2025-12-28T00:10:41Z,2,2
hayLeqAkX7I,UgwLq7wSGfXkJXfivZN4AaABAg,"Very very disappointed, after being world champion",@edwineffandy,2025-12-28T00:06:50Z,1,0
hayLeqAkX7I,UgxkZL2ryLLFPEm8p2h4AaABAg,"Badiashile play, chelsea lose? ohh noo wkwk",@lumayansaja390,2025-12-28T00:04:54Z,0,0
hayLeqAkX7I,UgzrdeBHRsDiuf8msXd4AaABAg,What about handball !!!??? 😡,@Balkan_game,2025-12-27T23:49:54Z,1,0
hayLeqAkX7I,Ugydkfd4dA6r9BxdoBN4AaABAg,Commentator when the pressure turned. Best think about this video. UTV,@KiwisDownUnder,2025-12-27T23:48:39Z,4,0
hayLeqAkX7I,Ugwy7c76JEGDPrjgC2F4AaABAg,Delap garnaco palmer😂😂,@afif038,2025-12-27T23:47:56Z,0,0
hayLeqAkX7I,Ugwe3bQo4I6q3bBfHSd4AaABAg,GG Aston Villa👌👏,@RAMSAMDOK,2025-12-27T23:44:58Z,0,0
hayLeqAkX7I,Ugw6DVgjSzH-5ZY8ok14AaABAg,1:16 They didn't include Badiashile turnover.,@paprykage,2025-12-27T23:41:42Z,14,2
hayLeqAkX7I,UgxEsJL8iakIkCW1f1R4AaABAg,fifa type goal watkins😂,@twistedmindz7729,2025-12-27T23:35:59Z,0,0
hayLeqAkX7I,UgwwKrTx79T8xbTDvOh4AaABAg,Emery the best EPL manager in december 2025 👏👏,@ardyanivan717,2025-12-27T23:34:47Z,0,0
hayLeqAkX7I,UgwDBIXrWNJO-sTPX9t4AaABAg,"Watkins was asleep all season, woke up to Chelsea, and then went back to sleep again.",@Zhm6802,2025-12-27T23:34:30Z,90,8
hayLeqAkX7I,UgxSvyTe7YxbIA47U9V4AaABAg,We only have 11players who can handle premier league,@80400,2025-12-27T23:32:24Z,2,0
hayLeqAkX7I,UgwX7tmNkMiGXfEHEn14AaABAg,Bjir bapuk padahal ngandelin chelsea 😤,@wargakonoha666,2025-12-27T23:29:43Z,0,0
hayLeqAkX7I,UgzIyvuwTIfDOwPSOuV4AaABAg,"a bunch of fake fans here...
1st half we were on top of the world, badiashille playing like maldini, heck everyone was good. Then Aston Villa made adjustments and it is what it is.. Its not just any club its the most inform club in England. 
Now everyone  again  with Maresca out etc. Stop watching my club if u dont support when we lose",@TheKlopcic,2025-12-27T23:29:10Z,5,2
hayLeqAkX7I,Ugzno3h6Dp-rSlHU5Mh4AaABAg,"Double N selling to arsenal and Bayern after that no balance in team , after the win club World Cup , can review previous game",@zatrazatohazur8944,2025-12-27T23:27:52Z,1,0
hayLeqAkX7I,Ugyoc5qis0qFWCxCRjJ4AaABAg,Chelsea pattern of play makes the players lazy an open us counter attacks for the opponent. Villa were quick with the ball and know where their players are unlike Chelsea. Enzo has to go,@prestinnguyen9329,2025-12-27T23:27:12Z,1,0
hayLeqAkX7I,Ugwha2sdT60GvNPrRnV4AaABAg,Horrible game. All subs were awful. Delap is a total joke. Gusto and Gittens are absolutely useless.,@nurzhankassym2541,2025-12-27T23:26:04Z,0,0
hayLeqAkX7I,UgzZwEUkaCZInJawRQt4AaABAg,Bem feito 😅😅😅,@JOTAPEMG,2025-12-27T23:24:13Z,0,0
hayLeqAkX7I,UgxgRRreM9QqmPihe214AaABAg,"What a disgraceful performance....Maresca, is it so hard to play Estavao and Palmer together huhhh?? Maresca is decent but his subs will be the end of him all in the name of fitness",@osman3573,2025-12-27T23:21:39Z,3,0
hayLeqAkX7I,Ugzj9pgx_PaGPLZhwGB4AaABAg,You’ve got to admit Chelsea are useless,@barryonyett8638,2025-12-27T23:19:44Z,0,0
hayLeqAkX7I,UgwaH2zzVWq9MgSjqyx4AaABAg,"The biggest mistake last night was why did you have to replace Palmer and Gernacho Pedro cucurella..and what's more, how could he play such a strange badiasil..Chelsea's current central defender is very bad. Okky is very disappointing. Chelsea's game is the same every season",@DenaNurwana,2025-12-27T23:19:29Z,0,1
hayLeqAkX7I,UgzKtn-IB4Eso9i8-RB4AaABAg,Enzo the clueless one😮😮😮,@danymate2000,2025-12-27T23:19:07Z,0,0
hayLeqAkX7I,Ugxqy_H8G_rJey3qcxF4AaABAg,"Dear Mr.Egbali
The youngest team in Premier League is the best!
and…WHAT IS THAT",@ota-yuasa,2025-12-27T23:17:55Z,1,0
hayLeqAkX7I,UgzeFVSBmcV55BfcAkl4AaABAg,"Maresca out, Owners out please",@dlo11794,2025-12-27T23:16:31Z,1,0
hayLeqAkX7I,Ugz_e72RbMoQ5cOMjLt4AaABAg,Chelsea why😞,@i.am_tochi,2025-12-27T23:16:24Z,0,0
hayLeqAkX7I,UgwzY3v_DtBll4oeqhd4AaABAg,"As all club commentators in the Premier League, disgusting.",@Zulzon80,2025-12-27T23:15:04Z,0,0
hayLeqAkX7I,UgybQGwANzfboxMFLyx4AaABAg,15 jogos 5 pontos do céu para o inferno como o futebol d voltas😅,@EnoqueJúnior-u9x,2025-12-27T23:12:55Z,1,0
hayLeqAkX7I,Ugz3eqnGt-ImS2co-sF4AaABAg,Wkwk Loser loser 🤡🤡🤡🤡🤡🤡🤡🤡🤡🤡🤡🤡🤡🤡🤡🤡🤡🤡🤡🤡🤡🤡🤡🤡🤡🤡🤡🤡🤡🤡🤡🤡🤡🤡🤡🤡🤡🤡🤡🤡🤡🤡🤡🤡🤡🤡🤡🤡🤡🤡🤡🤡🤡🤡🤡🤡🤡🤡🤡,@muhamadmardian06,2025-12-27T23:11:44Z,0,0
hayLeqAkX7I,UgyrzwaEgxXE5d16NI14AaABAg,"chelsea making subs: nothing changes or even play worse
villa making subs: scoring 2 goals 🤦",@jackhoward8,2025-12-27T23:09:54Z,0,0
hayLeqAkX7I,UgwbhAHxOhAZ0CdW4MJ4AaABAg,Eleh wkwk capek capek nonton malah kena kombek,@muhammadrizki3140,2025-12-27T23:09:50Z,0,0
hayLeqAkX7I,Ugx6xX7E5IAe86YGKOR4AaABAg,Chelsea has flopped again. It is absolutely rubbish. I'm done,@youngafro681,2025-12-27T23:08:42Z,0,0
hayLeqAkX7I,Ugz4t-YYJHYZy0nwgCx4AaABAg,Chelsea top 5... GO to 20 table championship league 2 because of Chelsea no plys,@sunusiAuwal-j6d,2025-12-27T23:06:36Z,0,0
hayLeqAkX7I,UgxaaAvVIRoglIYUw-Z4AaABAg,I would never understand how English referees can be this bad. Badiashile too for that matter.,@mariosele6112,2025-12-27T23:06:25Z,0,0
hayLeqAkX7I,UgyEHFalmlsUVN51nnF4AaABAg,Useless Defenders Chalobah gusto tosin flopfana hato 🗑️🗑️,@mikapong2941,2025-12-27T23:04:20Z,0,0
hayLeqAkX7I,Ugz5Oq_emWo7FLmPFKV4AaABAg,Nge bet villa babak satu ngeliat main nya chelsea sadis dan rapi . Ah kayak gak ada harapan ni villa .  Udalah tinggal tidur aja. Eh bangun bangun comeback njirr . Malah cuan.. thankss villa.,@KalkiRaja-i6d,2025-12-27T23:01:08Z,2,0
hayLeqAkX7I,UgyNU0ZKK4wszVpE2kx4AaABAg,stupid chelseaè,@dianadipratama3036,2025-12-27T23:00:51Z,0,0
hayLeqAkX7I,Ugyr0sfADRlPQma_8Dd4AaABAg,Ref and VAR missed a defo penalty that arm was outstretched and stopped Neto scoring,@Democracyrules2345,2025-12-27T23:00:32Z,0,4
hayLeqAkX7I,UgzT4GgBamqk8IsMIjB4AaABAg,How did Chelsea conspire to lose this game?,@oprahlovescake6590,2025-12-27T22:59:59Z,0,0
hayLeqAkX7I,Ugy5EVh1lmg0p-IMJOh4AaABAg,"Win,lose,draw.. Win,lose,draw.. Fire Maresca your brain not like Pep,. Why you always makes an experiment when you club need a point?",@gitscecilia4940,2025-12-27T22:59:46Z,0,0
hayLeqAkX7I,Ugy7UqWzNOp0iyjS_fp4AaABAg,Bro is this chelsea nah brah,@GreatEfe,2025-12-27T22:58:45Z,0,0
hayLeqAkX7I,UgzFYqugNUd5rFS7xVp4AaABAg,Emery has totally outclassed Maresca with the triple sub today. The game turned upside down and we bottled our lead. Such a shame🤦‍♂️,@GiorgiMerebashvili532,2025-12-27T22:57:32Z,77,1
hayLeqAkX7I,Ugz9dx2lVBbmQEbnuPt4AaABAg,Unserious clob,@otachedavid6811,2025-12-27T22:55:52Z,1,0
hayLeqAkX7I,Ugx8l5SWz4ZZmHbuCUJ4AaABAg,We sank in the bridge ☹️,@HeisJames-t1n,2025-12-27T22:55:34Z,7,0
hayLeqAkX7I,UgyTwQxIFjcAEcgJB_94AaABAg,"When we win , you don't upload the highlights early but when we lose then boom you upload 😢😢",@oluwahgh1654,2025-12-27T22:54:31Z,128,5
hayLeqAkX7I,Ugzo6ujsX_jwfu2sIjB4AaABAg,Maresca & Delap need to go. Job was alway's too big for him & Delap is as useful as a one legged man in an ass kicking competition.,@hughzapretti-boyden9187,2025-12-27T22:52:43Z,0,0
hayLeqAkX7I,Ugwbuu_lo7uRSBGx5rF4AaABAg,knp selalu menyimpan estevao.... punya peluru bagus tp selalu tak dipakai. ayolah maresca...,@patulll8918,2025-12-27T22:51:55Z,0,0
hayLeqAkX7I,Ugyh1jrPRr538FtGWaN4AaABAg,I am done with this club 👍🏻,@nandooo_,2025-12-27T22:51:19Z,0,0
hayLeqAkX7I,UgwsDyc-KhaXDXfU98p4AaABAg,"This is Maresca fault for choice of starting eleven.

Why you choose Badiashile over Fofana? This is a shame",@rustydouble6678,2025-12-27T22:50:47Z,117,24
hayLeqAkX7I,UgxC8eIINbnTqJHyg2l4AaABAg,Ownera and directors leave to Chelsea,@ВаняЗавьялов-р6я,2025-12-27T22:46:20Z,1,0
hayLeqAkX7I,UgyVGuM5bDoo4dB9_bZ4AaABAg,😂😂😂,@Dark_Sam29,2025-12-27T22:45:46Z,0,0
hayLeqAkX7I,UgxY6ai8YbIqcq_0TMN4AaABAg,"Maresca making wrong choices for first team 
Gittens , Estavau should play more",@GinoPalitelli,2025-12-27T22:45:41Z,0,0
hayLeqAkX7I,UgzP4JAMr4p2qu85mMh4AaABAg,"Defence so bad, horrible .",@NoraAron-x9u,2025-12-27T22:45:09Z,1,0
hayLeqAkX7I,UgwxWdu52AmQeWQ2F9Z4AaABAg,Chelsea lost one penalty and 3 points,@kenhphu1584,2025-12-27T22:44:07Z,1,0
hayLeqAkX7I,UgyYJIeGySBpPuG1wrR4AaABAg,This is the worst Chelsea squad ever assembled. Manager and a handful of players need to be shown the exit. Toothless.,@darrenjordan6766,2025-12-27T22:42:53Z,1,0
hayLeqAkX7I,Ugx0AqfvORKY0v5kXWF4AaABAg,Chelsea is a disgrace to the world,@Drealsaintmaverick,2025-12-27T22:42:15Z,0,0
hayLeqAkX7I,Ugw9inNy5J2CW9dbK7p4AaABAg,Heart attack,@KalimaFatty-n4c,2025-12-27T22:41:30Z,0,0
hayLeqAkX7I,UgyobU8CeHe8p4GpTSd4AaABAg,11th wins in a row! Let's Go Villa!!!,@jackhoward8,2025-12-27T22:41:12Z,32,1
hayLeqAkX7I,UgyL6gTjSQYH0Qw1q9B4AaABAg,"After this season Cole must come back to City to save his career before it's too late and he fades into mediocrity at Chelsea. He needs to be amongst the real maestros, no chance he can save the London ship from sinking on his own every game.",@MCFC-OK1416,2025-12-27T22:39:56Z,3,2
hayLeqAkX7I,UgxM5Zg4A3SajSo5CmF4AaABAg,Liam Delap is just an amateur . Better sell him in January.,@drevil2675,2025-12-27T22:39:36Z,217,19
hayLeqAkX7I,UgziXIvNKsd2K2C8MCZ4AaABAg,Not at all surprised. Deserved Loss,@ccls7139,2025-12-27T22:38:34Z,0,0
hayLeqAkX7I,UgydSeIClF0tVNCnZQ14AaABAg,"God punish the new owners, God punish Maresca",@EZEZIKETHANKGOD-pg1nj,2025-12-27T22:36:42Z,0,0
hayLeqAkX7I,UgxnWQvh30T-aVRrz3t4AaABAg,Chelsea 1-2 Aston Villa 😊,@ปฏิภาณบัว,2025-12-27T22:35:34Z,0,0
hayLeqAkX7I,UgyWgS1i98b9D8GFYDF4AaABAg,So glad I didn't watch this match. Would've been fuming.,@Im_OutlikealightCAC,2025-12-27T22:34:43Z,0,0
hayLeqAkX7I,UgwMPuAIVuP0gNW2Asd4AaABAg,"Blue Co is a huge failure after spending 2 billion in kids, Chelsea has become joke of a club by stupid owners",@mwaqasshaikhs,2025-12-27T22:33:10Z,0,0
hayLeqAkX7I,Ugy01PTswcnP9duJSyF4AaABAg,No side has dropped more points from winning positions in the Premier League this season than Chelsea (13).,@Empiandar,2025-12-27T22:32:39Z,501,14
hayLeqAkX7I,Ugw8056LW1k_nIewRuN4AaABAg,"Emery, what a manager.",@TedThomasTT,2025-12-27T22:32:17Z,178,11
hayLeqAkX7I,UgymTMPyOjFqVmqnLUl4AaABAg,poor class defenders rubbish,@lagosguy001,2025-12-27T22:32:07Z,1,0
hayLeqAkX7I,UgwfwoD4USHtlotEwlt4AaABAg,This club has become a banter club thanks to this ownership.,@nataliehaywood6682,2025-12-27T22:31:09Z,0,0
hayLeqAkX7I,Ugy1rEXoT-5u2wTCCgZ4AaABAg,You guys messed up so bad also come scout me to play for the blues seriously,@RealMystH,2025-12-27T22:30:06Z,0,1
hayLeqAkX7I,UgzBts94JwtzdGz-D1l4AaABAg,Thanks for the 3 points love u 🫶😮‍💨🤫,@avfc2025,2025-12-27T22:29:44Z,2,1
hayLeqAkX7I,Ugy-EFkS4Y1zArtABq14AaABAg,Бляяяя заебал Челси простой каманде проиграл Челси очнись 🎉,@НурикТемиртау-с3в,2025-12-27T22:28:59Z,0,0
hayLeqAkX7I,Ugx1oHH534gH3nH94hF4AaABAg,"In a way I blame some of us Chelsea fans who hounded Nicholas Jackson out of the club, and now we end up with striker who can't score.",@KingOze,2025-12-27T22:27:51Z,38,18
hayLeqAkX7I,UgyitoN9xzF7yh8aeQF4AaABAg,Klo kalah cepet bgt updatenya 😂,@kurniajih1130,2025-12-27T22:27:28Z,2,3
hayLeqAkX7I,Ugy7mjkvbVm1plK4fu94AaABAg,Terrible defensive play,@colindoherty1891,2025-12-27T22:27:09Z,123,1
hayLeqAkX7I,Ugx4LGUm1eze33pujHl4AaABAg,2026😢,@lindonkaraliti2091,2025-12-27T22:26:59Z,0,0
hayLeqAkX7I,UgwbkSyf7NMfEe1u6HJ4AaABAg,👎👎,@andersonramalho3225,2025-12-27T22:26:52Z,1,0
hayLeqAkX7I,UgyUv3Wye9Fglvu1pWl4AaABAg,Capek bang😢,@Noeebies,2025-12-27T22:26:40Z,0,0
hayLeqAkX7I,UgwqA8s1OUCyW_RuE8h4AaABAg,Enzo Maresca is not a coach for this man.,@abdi999,2025-12-27T22:26:34Z,19,1
hayLeqAkX7I,Ugxl5CJ4bXt4KzEI2s14AaABAg,🤦 una semana muy triste 💔,@alecesarv,2025-12-27T22:26:02Z,3,0
hayLeqAkX7I,UgzavPh5WeO7AD_FQu94AaABAg,Trust the process everyone UTC 🔵,@Michael.ChelseaFC37,2025-12-27T22:25:18Z,0,0
hayLeqAkX7I,UgwwO3P2gc9sDzPRJrF4AaABAg,"Челси,вы серьёзно? Вы нашли кому проиграть?! Это всего лишь Астон Вилла.",@shadymarshall,2025-12-27T22:24:13Z,0,0
hayLeqAkX7I,UgxcrlMogb_sks5EsaZ4AaABAg,"Waduh piye pak de Maresca Iki,payah....payah....",@Wargart35,2025-12-27T22:24:08Z,1,0
hayLeqAkX7I,UgzHB3gORkHS88OAakd4AaABAg,"Directed by Unlawrence Steward, Joe Shields and Paul Losetanley",@kimcarson4219,2025-12-27T22:23:19Z,0,0
hayLeqAkX7I,UgzIYkp6MSNMrZd5xeZ4AaABAg,Freedom fighter enjoying his freedom i see 👀 ❤️,@housingscheme1800-ro6gh,2025-12-27T22:23:02Z,0,1
hayLeqAkX7I,UgzeR1gT3nbJn49hYA94AaABAg,Delap полное гавно.,@shadymarshall,2025-12-27T22:22:53Z,0,0
hayLeqAkX7I,UgyO5BnA8QJaTkVsYgd4AaABAg,I regret watching highlights like this one,@VictorPatrick-w4g,2025-12-27T22:22:14Z,1,0
hayLeqAkX7I,UgxzzAqcu-5FyB3Ay2l4AaABAg,Hahahahahaha lose 😂😂😂😂,@AndryRegas,2025-12-27T22:21:55Z,1,0
hayLeqAkX7I,UgxHe_JKanUTS3iguzp4AaABAg,Stress,@hajigaben5817,2025-12-27T22:21:39Z,0,0
hayLeqAkX7I,UgzlPDZffxjMixlU8vd4AaABAg,Cuihhh,@hajigaben5817,2025-12-27T22:21:20Z,0,0
hayLeqAkX7I,Ugy6cSP_gffOXL0A-Ix4AaABAg,"Admin you don't serve this right because I have always noticed anytime we lose a single game,you post immediately which is not fair but whenever we got a game in a better performance,it takes you time to offload the video.🤦🤌",@chimanwigwe9022,2025-12-27T22:19:25Z,0,0
hayLeqAkX7I,UgzFq9shgVfVaq4yVJV4AaABAg,"The recruitment is the reason why we lost the game. They sold players who were 10x better than what they recruited in the summer.
Get these directors out",@Ibrahim.21,2025-12-27T22:19:17Z,8,1
hayLeqAkX7I,UgwHByA8RrmHkELmHSB4AaABAg,You ruined my day😡,@MindshiftTM,2025-12-27T22:18:51Z,2,0
hayLeqAkX7I,Ugwxl-WePlpd5mtjw_t4AaABAg,Cmon guys we really need Lois Enrique this Maresca is an average coach handling a top team really shouldn't expect much from him,@hillarymukisa-kx1sk,2025-12-27T22:18:39Z,0,0
hayLeqAkX7I,UgwYPwU61ZPN4JIgZmt4AaABAg,Chelsea doing Chelsea December form. 😢,@kolorz309,2025-12-27T22:18:36Z,275,13
hayLeqAkX7I,UgyH_jx9C93RLWpXBL54AaABAg,God go take you for me,@jaycash40,2025-12-27T22:18:24Z,3,0
hayLeqAkX7I,UgwH3ewbPutuxeWzDTJ4AaABAg,God punish admin for posting it 😡,@MindshiftTM,2025-12-27T22:18:23Z,6,0
hayLeqAkX7I,UgyVNTvKygGKseqVZQN4AaABAg,Chelsea sold soul to win against barca🤐,@waltah-h2s,2025-12-27T22:17:50Z,4,1
hayLeqAkX7I,UgzkWfH5T-eA_vfbu0Z4AaABAg,You enjoy throwing this to our face??😢 We should watch highlight of how we had a heartbreak losing a match we were winning?? Send it to the players and tactical team to watch their shambolic performance.,@thekingdom5999,2025-12-27T22:17:21Z,37,1
hayLeqAkX7I,UgyacvP4wzW4zIxgPPp4AaABAg,Chelshit at its best😚,@teddymwema9232,2025-12-27T22:17:10Z,1,0
hayLeqAkX7I,UgzfZ-iGrjgB0pjWRTF4AaABAg,What a annoying club...,@special9142,2025-12-27T22:17:00Z,0,0
hayLeqAkX7I,UgyRaIwEZpPmps8miPF4AaABAg,Ollie watkins showed Chelsea what a proper proven seasoned 30 year old striker looks like. Keep buying some other 12 yo kids from Bhutan and Nepal next,@ChelseaCFC77,2025-12-27T22:16:50Z,1,0
hayLeqAkX7I,UgynHvKWEUAfjU-4C9N4AaABAg,"Hierarchy is a joke and doesn't matter who's in charge the ownership aka clearlake capital needs to go Egbhali needs to sell his shares, average professional apprearence of Chelsea signing is 45.7",@hasannawaz228,2025-12-27T22:16:29Z,4,1
hayLeqAkX7I,UgyZITQjPsLpbSLAPIB4AaABAg,This lose is on Maresca. How can Badiashile play instead of Fofana or even Achemapong? And the changes after halftime. Not good enough really! Btw. Are Delap and Gittens football players? Did Delap even touch the ball? He’s not Chelsea material. Change Nico J for him are one of the biggest joke. I’m so pissed!!!,@TheShivis9,2025-12-27T22:16:21Z,66,6
hayLeqAkX7I,UgxeVHCKdeuWGX0VEqN4AaABAg,"Learn how to take ur chances man 😢
Should have been 3 nill up 1st half 

And maresca if something is working please don't change it with ur subs",@HDCFCBANT859,2025-12-27T22:16:10Z,29,12
hayLeqAkX7I,Ugym1VovJG__DJhpWtV4AaABAg,I play for Chelsea 2026 please pray for me,@daviroza4700,2025-12-27T22:16:05Z,4,0
hayLeqAkX7I,UgzDHKMt12EyPwCZ6W14AaABAg,"CHELSEA WERE ROBBED THAT WAS A MAATSEN HANDBALL STOPPED NETO FROM SCORING

CHELSEA BETTER WRITE A LETTER TO THE PGMOL",@couturecriminal8330,2025-12-27T22:16:00Z,4,0
hayLeqAkX7I,UgzPVyFt5MQ0HxzhhY54AaABAg,Aston Villa had ZERO shots on target until the 60th minute,@ChelseaCFC77,2025-12-27T22:15:53Z,69,5
hayLeqAkX7I,UgyCbz3QYNppxZpN9Gt4AaABAg,Blueco out,@DanielGillies88,2025-12-27T22:15:52Z,0,0
hayLeqAkX7I,Ugy2qvTiEZG1mc8RBcx4AaABAg,Very useless set of Chelsea player😂😂😂,@Foety-billions,2025-12-27T22:15:42Z,1,0
hayLeqAkX7I,UgyqVAIAJ2Mv6leiwTV4AaABAg,Shame Shame Shame,@tanu4334,2025-12-27T22:15:37Z,1,0
hayLeqAkX7I,UgxEZDsbJUHoICHzq614AaABAg,I'd better watch matches of Chelsea ladies team,@Andyxom,2025-12-27T22:15:33Z,16,1
hayLeqAkX7I,UgziGA2URgs9mvoTt254AaABAg,Mmam❤,@Ressi2134,2025-12-27T22:15:27Z,0,0
hayLeqAkX7I,UgzfQiIFS-Hs_RNl-EV4AaABAg,Kick out Chelsea coach,@tanu4334,2025-12-27T22:15:23Z,9,2
hayLeqAkX7I,UgzrYZSph1aj68nDc_J4AaABAg,First 🥇,@KestonLogan-w6i6g,2025-12-27T22:15:19Z,0,0
hayLeqAkX7I,UgxwxNohX2ooTvsPNyh4AaABAg,Fire fire 🔥,@Sport_Mea,2025-12-27T22:15:14Z,0,0
hayLeqAkX7I,UgzYZNygb-ghYQxYLHx4AaABAg,😭,@clipego,2025-12-27T22:15:12Z,0,0
hayLeqAkX7I,Ugy7DYWScCSihsb5mQ94AaABAg,❤⚪️🔵,@Wydadi-uw05,2025-12-27T22:15:10Z,0,0
hayLeqAkX7I,UgxNoNeH0aLxV_LCCk94AaABAg,This is annoying,@moseskatbi-n8b,2025-12-27T22:15:05Z,0,0
