video_id,comment_id,reply_id,reply_content,author,published_at,like_count
QroJC82FVyc,UgxZfPmzzkcoKlzilNl4AaABAg,UgxZfPmzzkcoKlzilNl4AaABAg.AQmOjDTGdmuAQmv0wW5MzE,There was very little bend though. It was just straight to top right,@islahartel9304,2025-12-16T09:13:09Z,0
QroJC82FVyc,UgwQeFW-hGAFzzFopyN4AaABAg,UgwQeFW-hGAFzzFopyN4AaABAg.AQmO3LHUFPoAQmUw-4aTBi,Idk what algorithm you are using. But I think you’re saying we suck.,@overflow5656,2025-12-16T05:16:25Z,0
QroJC82FVyc,Ugwr_14pSLuR_gpKJfx4AaABAg,Ugwr_14pSLuR_gpKJfx4AaABAg.AQmESyMVeHmAQnRVYNesHr,"no worse than when Casemiro ""tripped"" Tavernier and he took two more steps before he decided to fall over",@daedalus_20v,2025-12-16T14:05:41Z,1
QroJC82FVyc,UgxVy0JF60ffBi1mOuF4AaABAg,UgxVy0JF60ffBi1mOuF4AaABAg.AQmDdvMkzAJAQmzDSebN_3,And pushed in the back.,@cold_servo_pie,2025-12-16T09:49:49Z,3
QroJC82FVyc,UgxVy0JF60ffBi1mOuF4AaABAg,UgxVy0JF60ffBi1mOuF4AaABAg.AQmDdvMkzAJAQq4u2d7de5,"That commentator is the same every single game, always saying what they ‘should’ve done’ every time ANYTHING happens. Guy needs to go",@emmettrussell8762,2025-12-17T14:45:55Z,5
QroJC82FVyc,UgxVy0JF60ffBi1mOuF4AaABAg,UgxVy0JF60ffBi1mOuF4AaABAg.AQmDdvMkzAJAQqiM_SX3Rd,My thoughts exactly 🤪,@TurtleTugger,2025-12-17T20:39:29Z,0
QroJC82FVyc,UgyGVS49FmUNqrBO4E54AaABAg,UgyGVS49FmUNqrBO4E54AaABAg.AQmD7sSZwXMAQmMXlwb2by,Yeah because sports betting.,@princeg24,2025-12-16T04:03:04Z,0
QroJC82FVyc,UgyeC4zDOQOcBScEFQR4AaABAg,UgyeC4zDOQOcBScEFQR4AaABAg.AQmCVJKPe4oAQmDoRyf_lv,"Also, that handball against Bournemouth was absolutely stupid too.",@johnsohn6139,2025-12-16T02:46:50Z,0
QroJC82FVyc,Ugw0YCqA3YCSRXfNcRJ4AaABAg,Ugw0YCqA3YCSRXfNcRJ4AaABAg.AQm5z0Mceb9AQmIybX4YtC,What? He was poor for two of the goals,@yemi9196,2025-12-16T03:31:55Z,0
QroJC82FVyc,Ugw3ihWdzQACUCwOSr54AaABAg,Ugw3ihWdzQACUCwOSr54AaABAg.AQm5pNjsmlrAQmRNvBdYOm,ONANA NEVER GOT 4 GOALS..FOUL,@toconstan8946,2025-12-16T04:45:24Z,0
QroJC82FVyc,Ugwc7L0p5O9CFYpQdYR4AaABAg,Ugwc7L0p5O9CFYpQdYR4AaABAg.AQm5iEivgB3AQmDDHe6JXX,Both of em,@Fimex-d5l,2025-12-16T02:41:37Z,0
QroJC82FVyc,UgxpLKXxKJKKpY34hIN4AaABAg,UgxpLKXxKJKKpY34hIN4AaABAg.AQm5XoA5VNHAQm9O7Yj5KT,probably 6-4,@randomthinks-off,2025-12-16T02:08:09Z,1
QroJC82FVyc,UgxpLKXxKJKKpY34hIN4AaABAg,UgxpLKXxKJKKpY34hIN4AaABAg.AQm5XoA5VNHAQmKV_1kpe5,"I think United never won a game with him as keeper, right? SMH",@clifford4188,2025-12-16T03:45:17Z,0
QroJC82FVyc,UgxTcuSugT_UJHzVQjB4AaABAg,UgxTcuSugT_UJHzVQjB4AaABAg.AQm4a4hT4-AAQmVzC8Ha6W,What was he supposed to do?,@ikennaduru170,2025-12-16T05:25:35Z,0
QroJC82FVyc,UgwEn2RjLUkg7ku5iVd4AaABAg,UgwEn2RjLUkg7ku5iVd4AaABAg.AQm4S_SMXrXAQm8s_1WsAg,even 6-7,@Se7nDust,2025-12-16T02:03:42Z,0
QroJC82FVyc,UgzrAOmcFhPYX3kuHrN4AaABAg,UgzrAOmcFhPYX3kuHrN4AaABAg.AQm4K1ih9MGAQm6R0oZeYt,dont see why not overturned in VAR.,@julianm5333,2025-12-16T01:42:20Z,0
QroJC82FVyc,UgzrAOmcFhPYX3kuHrN4AaABAg,UgzrAOmcFhPYX3kuHrN4AaABAg.AQm4K1ih9MGAQmMFLhmGPX,@julianm5333 cant use VAR for free kick,@randomps2gamer283,2025-12-16T04:00:33Z,0
QroJC82FVyc,UgxCEti9sf7s7MqPoG94AaABAg,UgxCEti9sf7s7MqPoG94AaABAg.AQm3mGe2VPdAQmAA1mKLcO,insane call,@FastFeudal,2025-12-16T02:14:58Z,0
QroJC82FVyc,UgySPFV87zX9pe-Qzct4AaABAg,UgySPFV87zX9pe-Qzct4AaABAg.AQm1ms214IDAQm4nxSAYAy,What happened to him? I only got to see the highlights,@libraryoffantasy,2025-12-16T01:28:07Z,0
QroJC82FVyc,UgySPFV87zX9pe-Qzct4AaABAg,UgySPFV87zX9pe-Qzct4AaABAg.AQm1ms214IDAQm5VQLiiBG,"@libraryoffantasyWatch at like the 1:40 in game time, he strikes the ball at the same time as Cunha I think and his knee buckles. He walked off so it may not be too bad, but you never know with him he has a history of long injuries",@maannndo,2025-12-16T01:34:12Z,0
QroJC82FVyc,Ugx3NKxfJoIQ5E8k2QV4AaABAg,Ugx3NKxfJoIQ5E8k2QV4AaABAg.AQm14NO3iWjAQnXaVjZX05,:),@markusw7833,2025-12-16T14:58:56Z,0
QroJC82FVyc,Ugz4FxNIz4LJ2dVhEBp4AaABAg,Ugz4FxNIz4LJ2dVhEBp4AaABAg.AQm0F5FMUy0AQmDE9LfXdY,he literally did later in the game and played a bournemouth player onside for a goal,@cryptos3004,2025-12-16T02:41:45Z,1
QroJC82FVyc,Ugz4FxNIz4LJ2dVhEBp4AaABAg,Ugz4FxNIz4LJ2dVhEBp4AaABAg.AQm0F5FMUy0AR7or6aXbHK,"@cryptos3004good point, lol.. I wonder if he had a chat with someone after the first or thought to himself “ah should’ve dove, could have got them carded” 😅",@BARF_FACE_9000,2025-12-24T21:22:32Z,0
QroJC82FVyc,Ugz7VaFO2G47vxJCr4d4AaABAg,Ugz7VaFO2G47vxJCr4d4AaABAg.AQm-jqvB6YVAQmCDDP8Qjn,You’ve been saying that for 13 years,@Emawko,2025-12-16T02:32:53Z,2
QroJC82FVyc,Ugz7VaFO2G47vxJCr4d4AaABAg,Ugz7VaFO2G47vxJCr4d4AaABAg.AQm-jqvB6YVAQmV0D9KVC_,"It's crazy how last season we couldn't crate goal scoring opportunities to save our lives,now we're 2nd highest scoring team with Arsenal in the league.",@ikennaduru170,2025-12-16T05:17:08Z,0
QroJC82FVyc,UgwL28U-e1tlHoK6P2h4AaABAg,UgwL28U-e1tlHoK6P2h4AaABAg.AQm-KSgaOUqAQm4nWOZ86w,"He is not very intellectually mature, though. Under a stricter referee, he could easily get a red for that neck push, and YES it would be slightly soft, but not super controversial, tbh, because a lot of experts would still agree with the decision.",@PutlerHuyIo,2025-12-16T01:28:04Z,2
QroJC82FVyc,UgzjxtKQB6cb5HzMu254AaABAg,UgzjxtKQB6cb5HzMu254AaABAg.AQlzxBPQ767AQm63RRQv-N,y not use Martinez starting?,@julianm5333,2025-12-16T01:39:07Z,0
QroJC82FVyc,UgzjxtKQB6cb5HzMu254AaABAg,UgzjxtKQB6cb5HzMu254AaABAg.AQlzxBPQ767AQmE6eh2DB2,@julianm5333 cuz the mf is made out of glass and Amorim doesn’t wanna risk losing him another 6-7 months (lol),@FilmCritic2004,2025-12-16T02:49:27Z,3
QroJC82FVyc,UgzjxtKQB6cb5HzMu254AaABAg,UgzjxtKQB6cb5HzMu254AaABAg.AQlzxBPQ767AQmEtgPGMur,united hasnt had a real center back besides johnny evans since varane,@glorioustrump245,2025-12-16T02:56:17Z,0
QroJC82FVyc,UgzjxtKQB6cb5HzMu254AaABAg,UgzjxtKQB6cb5HzMu254AaABAg.AQlzxBPQ767AQmT_YKIucM,"@julianm5333 he doesn't look too good either, gave up so many chances",@peteryu8711,2025-12-16T05:04:37Z,0
QroJC82FVyc,UgzjxtKQB6cb5HzMu254AaABAg,UgzjxtKQB6cb5HzMu254AaABAg.AQlzxBPQ767AQnG049Y3MG,@peteryu8711i dunno.  watched heem lass year.  He look very good.,@julianm5333,2025-12-16T12:25:17Z,0
QroJC82FVyc,Ugwj7rQMo2zLLTejElx4AaABAg,Ugwj7rQMo2zLLTejElx4AaABAg.AQlz_g6zAVAAQm4BVCw1lv,"Yep, followed the script to a tee.  Great actors all.  But all shithousery aside, as a Spurs fan, I want Evanilson for our team.  Think he would be easier to get than Semenyo, though I want him too.

Every argument leads to Spurs, by the way.  The rest of you are just visiting (The Good Shepherd movie quote - Matt Damon).",@shanefelkel9966,2025-12-16T01:22:44Z,0
QroJC82FVyc,UgwAOGORZk_ZeUxmPx14AaABAg,UgwAOGORZk_ZeUxmPx14AaABAg.AQlz7h8HcpnAQlznTPd57_,They will never be the same. They will forever be a mid level club,@jrenteriaa,2025-12-16T00:35:38Z,0
QroJC82FVyc,UgwAOGORZk_ZeUxmPx14AaABAg,UgwAOGORZk_ZeUxmPx14AaABAg.AQlz7h8HcpnAQlzpMGWS6W,"Because Mbeumo didn't score, he is not contributing enough to the team? Ever heard of off the ball runs/movements?

And you do know he's their highest goal scorer this season, right?",@bryanokai6967,2025-12-16T00:35:53Z,0
QroJC82FVyc,UgxdQOUYvVHCAvY7Izt4AaABAg,UgxdQOUYvVHCAvY7Izt4AaABAg.AQlz2ntXyrrAQm2Ab2OSdG,So was the yellow for that choke on Dalot,@ra2941,2025-12-16T01:05:08Z,13
QroJC82FVyc,UgxdQOUYvVHCAvY7Izt4AaABAg,UgxdQOUYvVHCAvY7Izt4AaABAg.AQlz2ntXyrrAQm2jPWUalE,Don't think it's anything of note to state a Liverpool fan is rooting against Manchester United.  Pretty par for the course...,@ginolucia,2025-12-16T01:10:02Z,13
QroJC82FVyc,UgxdQOUYvVHCAvY7Izt4AaABAg,UgxdQOUYvVHCAvY7Izt4AaABAg.AQlz2ntXyrrAQm3deV2c8m,The 2 bournemouth handballs in the box right?,@satanscamaro5206,2025-12-16T01:17:59Z,5
QroJC82FVyc,UgxdQOUYvVHCAvY7Izt4AaABAg,UgxdQOUYvVHCAvY7Izt4AaABAg.AQlz2ntXyrrAQm9SbXwv2Z,"@ra2941 To be fair Dalot should've also gotten a red if you're saying semenyo gets a red. Absolutely ridiculous, dangerous challenge semenyo had a right to be angry",@tristanstefanovic,2025-12-16T02:08:46Z,8
QroJC82FVyc,UgxdQOUYvVHCAvY7Izt4AaABAg,UgxdQOUYvVHCAvY7Izt4AaABAg.AQlz2ntXyrrAQmC7IO0CbX,United can’t  win without the refs,@midknight,2025-12-16T02:32:04Z,4
QroJC82FVyc,UgzBMD8o7P12QG5MN914AaABAg,UgzBMD8o7P12QG5MN914AaABAg.AQlz19iWMwlAQm3oiywqE4,"He left and he still lives rent free in your head. Let it go bruv, this isn't healthy",@tankionline9097,2025-12-16T01:19:30Z,9
QroJC82FVyc,UgzBMD8o7P12QG5MN914AaABAg,UgzBMD8o7P12QG5MN914AaABAg.AQlz19iWMwlAQm4cfoFC07,Djemba Djemba so good they named him twice,@UnpredictableSkill,2025-12-16T01:26:35Z,0
QroJC82FVyc,UgzBMD8o7P12QG5MN914AaABAg,UgzBMD8o7P12QG5MN914AaABAg.AQlz19iWMwlAQm682IKTzN,Why we can't comment now about the worst keeper of the premier league history?,@sigui.habana,2025-12-16T01:39:44Z,0
QroJC82FVyc,UgzBMD8o7P12QG5MN914AaABAg,UgzBMD8o7P12QG5MN914AaABAg.AQlz19iWMwlAQmJHRM_WQm,​@sigui.habanaif he was the worst then United was as well during the time of him being there.,@clifford4188,2025-12-16T03:34:37Z,0
QroJC82FVyc,UgzBMD8o7P12QG5MN914AaABAg,UgzBMD8o7P12QG5MN914AaABAg.AQlz19iWMwlAQmRVv5YnLB,ONANA NEVER LET 4 GOALS IN...FOULS,@toconstan8946,2025-12-16T04:46:30Z,0
QroJC82FVyc,UgzBjCu5ntFVK1YSlVl4AaABAg,UgzBjCu5ntFVK1YSlVl4AaABAg.AQlz-NTgOnWAQm6XRZjDPB,who needs to pop a molly when you have Man U on tv to give you a good free sauna session on a couch mmhmmm 😂😂,@superluiss01,2025-12-16T01:43:12Z,9
QroJC82FVyc,UgyV6a1kYop82UrxzgF4AaABAg,UgyV6a1kYop82UrxzgF4AaABAg.AQly_SWFH9MAQlz4jbd337,Try it yourself 😅,@IshaqNewaz,2025-12-16T00:29:23Z,2
QroJC82FVyc,UgyV6a1kYop82UrxzgF4AaABAg,UgyV6a1kYop82UrxzgF4AaABAg.AQly_SWFH9MAQlz_Ia7PsS,@IshaqNewaz u silly man everybody knows i mean he did very well,@Simplicidade096,2025-12-16T00:33:42Z,0
QroJC82FVyc,UgwcitNfSXpOHolC4dF4AaABAg,UgwcitNfSXpOHolC4dF4AaABAg.AQlyCh4FsZXAQm5FoOI2sQ,And the world watches because it's United.,@playedout148,2025-12-16T01:32:04Z,1
QroJC82FVyc,UgwcitNfSXpOHolC4dF4AaABAg,UgwcitNfSXpOHolC4dF4AaABAg.AQlyCh4FsZXAQmBO8jhZn8,How many titles does Bournemouth have again?,@josesarabia8692,2025-12-16T02:25:38Z,1
QroJC82FVyc,UgwdK8yNAwUBpnZz8bt4AaABAg,UgwdK8yNAwUBpnZz8bt4AaABAg.AQlxw0Ex0mjAQm-FQ4y2J_,Game's gone soft,@FernandoTrujillo-Hernandez-l8w,2025-12-16T00:39:35Z,33
QroJC82FVyc,UgwdK8yNAwUBpnZz8bt4AaABAg,UgwdK8yNAwUBpnZz8bt4AaABAg.AQlxw0Ex0mjAQm4iFGjdbp,The funniest shot is when they check for offside and Dalot is keeping him onside 😂,@almightysosa3007,2025-12-16T01:27:21Z,121
QroJC82FVyc,UgwdK8yNAwUBpnZz8bt4AaABAg,UgwdK8yNAwUBpnZz8bt4AaABAg.AQlxw0Ex0mjAQm8jDXmvnX,@almightysosa3007 Dalot is terrible,@ryanperrault8174,2025-12-16T02:02:26Z,24
QroJC82FVyc,UgwdK8yNAwUBpnZz8bt4AaABAg,UgwdK8yNAwUBpnZz8bt4AaABAg.AQlxw0Ex0mjAQmu-LpzhTn,"@ryanperrault8174he played great yesterday, you only watch highlights and it shows",@ChillyGorilla50,2025-12-16T09:04:12Z,0
QroJC82FVyc,UgwdK8yNAwUBpnZz8bt4AaABAg,UgwdK8yNAwUBpnZz8bt4AaABAg.AQlxw0Ex0mjAQpYeL1WMvO,"@FernandoTrujillo-Hernandez-l8w except he was ignored by everyone else and then a goal was scored against him. people like him are punished for the softness, that part of the game is okay at least in the epl",@pacosizzle,2025-12-17T09:46:41Z,3
QroJC82FVyc,UgwK_3dauiju5iLvTdR4AaABAg,UgwK_3dauiju5iLvTdR4AaABAg.AQlxsDvuPXQAQlzvCi1GXI,Anyone can score 4 against united 🤣🤣,@jrenteriaa,2025-12-16T00:36:41Z,0
QroJC82FVyc,UgyqnO4Ua_zzJeLPHzR4AaABAg,UgyqnO4Ua_zzJeLPHzR4AaABAg.AQlxNQisQBKAQlxitaxCKX,and hit his shoulder basically.,@naturalfreehuman,2025-12-16T00:17:32Z,68
QroJC82FVyc,UgyqnO4Ua_zzJeLPHzR4AaABAg,UgyqnO4Ua_zzJeLPHzR4AaABAg.AQlxNQisQBKAQm2C1chem8,@naturalfreehuman It wasnt in the box stopping any kind of chance for a goal or anything vital there was no reason to blow the whistle that fast.,@alandrian,2025-12-16T01:05:20Z,14
QroJC82FVyc,UgyqnO4Ua_zzJeLPHzR4AaABAg,UgyqnO4Ua_zzJeLPHzR4AaABAg.AQlxNQisQBKAQmEL_U8BUw,"​@alandrian he thought it was handball, he blew the whistle. What would of waiting 2 or 3 more seconds done?",@csolivais1979,2025-12-16T02:51:30Z,0
QroJC82FVyc,UgyqnO4Ua_zzJeLPHzR4AaABAg,UgyqnO4Ua_zzJeLPHzR4AaABAg.AQlxNQisQBKAQmNzHdRB5s,Yep was a bizarre decision,@philipmarkham3,2025-12-16T04:15:42Z,12
QroJC82FVyc,UgyqnO4Ua_zzJeLPHzR4AaABAg,UgyqnO4Ua_zzJeLPHzR4AaABAg.AQlxNQisQBKAQmQvfsGe6d,​@csolivais1979you mean besides waiting and making sure the call was correct.,@alandrian,2025-12-16T04:41:25Z,2
QroJC82FVyc,UgxzB3lrM2rLogumoix4AaABAg,UgxzB3lrM2rLogumoix4AaABAg.AQlxG0c1MccAQm2K98QQtG,actually the first one for bournemouth was poor poor goalkeeping.,@alandrian,2025-12-16T01:06:26Z,2
QroJC82FVyc,UgxzB3lrM2rLogumoix4AaABAg,UgxzB3lrM2rLogumoix4AaABAg.AQlxG0c1MccAQmK6NpjZ2p,"Lammens fantastic?lol
He only saves shots straight at him like the last save",@yemi9196,2025-12-16T03:41:51Z,0
QroJC82FVyc,UgxzB3lrM2rLogumoix4AaABAg,UgxzB3lrM2rLogumoix4AaABAg.AQlxG0c1MccAQmSh9hNmTb,@yemi9196 fantastic is a stretch but he’s still an upgrade on a keeper that found a way let in shots straight at him,@koffiross1191,2025-12-16T04:56:55Z,7
QroJC82FVyc,UgyEZemiNuPEwJ8335h4AaABAg,UgyEZemiNuPEwJ8335h4AaABAg.AQlxEuII4vaAQlxPGSPRgb,"Can confirm, absolute cinema",@talltrini10,2025-12-16T00:14:43Z,109
QroJC82FVyc,UgyEZemiNuPEwJ8335h4AaABAg,UgyEZemiNuPEwJ8335h4AaABAg.AQlxEuII4vaAQlyrC2bRoJ,Game of the season so far,@waleedalarmanazi159,2025-12-16T00:27:24Z,39
QroJC82FVyc,UgyEZemiNuPEwJ8335h4AaABAg,UgyEZemiNuPEwJ8335h4AaABAg.AQlxEuII4vaAQm-SuVBSUx,Good game🎉,@blueheartphd,2025-12-16T00:41:25Z,7
QroJC82FVyc,UgyEZemiNuPEwJ8335h4AaABAg,UgyEZemiNuPEwJ8335h4AaABAg.AQlxEuII4vaAQm0Cr2N-MM,@blueheartphd me,@JosiahAlemu-v6d,2025-12-16T00:47:58Z,4
QroJC82FVyc,UgyEZemiNuPEwJ8335h4AaABAg,UgyEZemiNuPEwJ8335h4AaABAg.AQlxEuII4vaAQm33k1SegN,I’m halfway thru and it’s peak,@pheeny3301,2025-12-16T01:12:56Z,7
QroJC82FVyc,Ugyzynlfek5JZR0y2XR4AaABAg,Ugyzynlfek5JZR0y2XR4AaABAg.AQlxDby-b_FAQm2XrgrYk3,Watching la liga no way,@04cityboy,2025-12-16T01:08:19Z,16
QroJC82FVyc,Ugyzynlfek5JZR0y2XR4AaABAg,Ugyzynlfek5JZR0y2XR4AaABAg.AQlxDby-b_FAQm486HMzgX,"Unless it's Big 2.5 (Real Madrid, Barcelona... Atletico), you have to ask yourself ""what am I even doing with my life?"" watching those non-important games. 🤔",@PutlerHuyIo,2025-12-16T01:22:16Z,29
QroJC82FVyc,Ugyzynlfek5JZR0y2XR4AaABAg,Ugyzynlfek5JZR0y2XR4AaABAg.AQlxDby-b_FAQm4Gx2KFoR,lol you must really love those teams,@edison1,2025-12-16T01:23:29Z,3
QroJC82FVyc,Ugyzynlfek5JZR0y2XR4AaABAg,Ugyzynlfek5JZR0y2XR4AaABAg.AQlxDby-b_FAQm538uMCLw,"its fine, watching games of the GOAT Antony beats everything",@dvo66,2025-12-16T01:30:20Z,31
QroJC82FVyc,Ugyzynlfek5JZR0y2XR4AaABAg,Ugyzynlfek5JZR0y2XR4AaABAg.AQlxDby-b_FAQm5xgUeupt,I can believe you watch la Liga when there is a premier game,@sigui.habana,2025-12-16T01:38:12Z,1
QroJC82FVyc,UgybYifP1myvv4HHSrB4AaABAg,UgybYifP1myvv4HHSrB4AaABAg.AQlxB8LW8p8AQoj8HJ84pW,Theater of dreams 🎭,@kevino3881,2025-12-17T02:07:47Z,1
QroJC82FVyc,UgybYifP1myvv4HHSrB4AaABAg,UgybYifP1myvv4HHSrB4AaABAg.AQlxB8LW8p8AR2MaKLo6fP,In a circus kind of way.,@skyhigh6089,2025-12-22T18:30:38Z,0
QroJC82FVyc,UgwdIuzj8GysO2MMMdp4AaABAg,UgwdIuzj8GysO2MMMdp4AaABAg.AQlx9V3JXf6AQlywEoEr9h,"I was wondering the same….
That’s how Casemiro was sent off a few seasons ago.",@EdwardTorres-w7w,2025-12-16T00:28:05Z,7
QroJC82FVyc,UgwdIuzj8GysO2MMMdp4AaABAg,UgwdIuzj8GysO2MMMdp4AaABAg.AQlx9V3JXf6AQm-DMDvyAg,"It was more of a push, not a grab",@dossube,2025-12-16T00:39:18Z,1
QroJC82FVyc,UgwdIuzj8GysO2MMMdp4AaABAg,UgwdIuzj8GysO2MMMdp4AaABAg.AQlx9V3JXf6AQm1b4_ZRAi,Fully extended arm btw how? idk how he did not🤷🏽‍♂️,@DavidSaldana-bh8uj,2025-12-16T01:00:09Z,0
QroJC82FVyc,UgySfwVLA1WhYFtaEHZ4AaABAg,UgySfwVLA1WhYFtaEHZ4AaABAg.AQlx2xetfcNAQm4dB8uGC2,"He always hits it so hard, maybe take something off of it and aim.",@tnix80,2025-12-16T01:26:39Z,0
QroJC82FVyc,UgxNno0svmfxNZtWkDd4AaABAg,UgxNno0svmfxNZtWkDd4AaABAg.AQlws-2PeehAQm-WTsc24i,His attitude was off tonight I swear,@ShounakSen,2025-12-16T00:41:55Z,1
QroJC82FVyc,UgxNno0svmfxNZtWkDd4AaABAg,UgxNno0svmfxNZtWkDd4AaABAg.AQlws-2PeehAQmVPVOyjTj,He has been poor since Everton game now.,@ikennaduru170,2025-12-16T05:20:35Z,0
QroJC82FVyc,Ugza5TVnOCbsxrLQPEZ4AaABAg,Ugza5TVnOCbsxrLQPEZ4AaABAg.AQlwgoQ5dPnAQm2M49LMl9,Exactly. Looking for this comment. United were lucky.,@Modus07,2025-12-16T01:06:42Z,9
QroJC82FVyc,Ugza5TVnOCbsxrLQPEZ4AaABAg,Ugza5TVnOCbsxrLQPEZ4AaABAg.AQlwgoQ5dPnAQmG9JHHLBV,But nobody talks about it because they're the media darlings,@JesusBorgono,2025-12-16T03:07:18Z,0
QroJC82FVyc,Ugza5TVnOCbsxrLQPEZ4AaABAg,Ugza5TVnOCbsxrLQPEZ4AaABAg.AQlwgoQ5dPnAQmMI1PF3nZ,Third goal,@LaCheeserie,2025-12-16T04:00:55Z,0
QroJC82FVyc,UgxbRh933Wrbp3pC6AZ4AaABAg,UgxbRh933Wrbp3pC6AZ4AaABAg.AQlw_KY6Cb8AQlzBXI_2-R,Cunha will come good and when he does the prem will not be ready,@chhetrithegoat,2025-12-16T00:30:19Z,3
QroJC82FVyc,UgxbRh933Wrbp3pC6AZ4AaABAg,UgxbRh933Wrbp3pC6AZ4AaABAg.AQlw_KY6Cb8AQmQPuwQWrm,He’s not a CF,@sebastiannoah3038,2025-12-16T04:36:57Z,0
QroJC82FVyc,UgxbRh933Wrbp3pC6AZ4AaABAg,UgxbRh933Wrbp3pC6AZ4AaABAg.AQlw_KY6Cb8AQzCWecTSDP,He’s not that good bro chill,@DiegoGuzman-i7y,2025-12-21T03:45:39Z,0
QroJC82FVyc,UgxbRh933Wrbp3pC6AZ4AaABAg,UgxbRh933Wrbp3pC6AZ4AaABAg.AQlw_KY6Cb8AR006voK70W,@D@DiegoGuzman-i7yyes he is and im not even a united fan,@chhetrithegoat,2025-12-21T20:35:46Z,0
QroJC82FVyc,UgxzFBbPq4OZ0-WYNDd4AaABAg,UgxzFBbPq4OZ0-WYNDd4AaABAg.AQlvqL3N8xsAQlyX7OP0G6,martinez was responsible for the last one?,@FEDEXLuchs,2025-12-16T00:24:31Z,24
QroJC82FVyc,UgxzFBbPq4OZ0-WYNDd4AaABAg,UgxzFBbPq4OZ0-WYNDd4AaABAg.AQlvqL3N8xsAQlzuVKf0Fv,Yoro and heaven were responsible for the first 2,@klyrj,2025-12-16T00:36:35Z,46
QroJC82FVyc,UgxzFBbPq4OZ0-WYNDd4AaABAg,UgxzFBbPq4OZ0-WYNDd4AaABAg.AQlvqL3N8xsAQm3m9pzJqn,yoro and heaven are horrible my word,@Levi14AFC,2025-12-16T01:19:08Z,3
QroJC82FVyc,UgxzFBbPq4OZ0-WYNDd4AaABAg,UgxzFBbPq4OZ0-WYNDd4AaABAg.AQlvqL3N8xsAQm4UZgc5n9,@L@Levi14AFC one bad game makes yoro horrible?? Yoro is a great player who’s done a lot for Man U in one year watch games not highlights,@yoshiver1548,2025-12-16T01:25:21Z,20
QroJC82FVyc,UgxzFBbPq4OZ0-WYNDd4AaABAg,UgxzFBbPq4OZ0-WYNDd4AaABAg.AQlvqL3N8xsAQm4oe4in1G,"@yoshiver1548 I've seen a lot of  yoro mistakes. Obv I don't watch you guys 90 minutes every week but I definitely see a lot of mistakes. Also its no coincidence you guys concede a lot when he plays, obvs does something wrong. But go on thinking he's great lol not my club",@Levi14AFC,2025-12-16T01:28:13Z,2
QroJC82FVyc,UgwRwzLB1FffTODkAod4AaABAg,UgwRwzLB1FffTODkAod4AaABAg.AQlvjyVb5itAQlxb4ckpAv,"Please stfu. We are the team with the 4th most goals conceded. More than last year, but let's ignore that and back a guy with a 30% win rate. If this manager needs an entire 11 of great players just for the team to look good, then that manager is not the answer.",@GregoryAbrahamian,2025-12-16T00:16:28Z,7
QroJC82FVyc,UgwRwzLB1FffTODkAod4AaABAg,UgwRwzLB1FffTODkAod4AaABAg.AQlvjyVb5itAQlyLbBmfDY,"@GregoryAbrahamian then who do you have in mind? Your pessimism on every fucking manager does not help us rebuild. Rebuilding requires time, and patience. Clearly something you dont have. And you always ask whats the problem with our team? Its you mate, literally you. All Im asking for your highness is to take a step back, and not always look at things negatively.",@James-2347,2025-12-16T00:22:57Z,7
QroJC82FVyc,UgwRwzLB1FffTODkAod4AaABAg,UgwRwzLB1FffTODkAod4AaABAg.AQlvjyVb5itAQlyTaZlwSm,The first 30 minutes is some of the best MU I've seen in years,@AndreBaguette,2025-12-16T00:24:02Z,2
QroJC82FVyc,UgwRwzLB1FffTODkAod4AaABAg,UgwRwzLB1FffTODkAod4AaABAg.AQlvjyVb5itAQlzsgVW2ap,@GregoryAbrahamianwe get it you’re a professional waffler 😂 waffle on 🤘🤘🤘,@benjaminravikumar2574,2025-12-16T00:36:20Z,1
QroJC82FVyc,UgwRwzLB1FffTODkAod4AaABAg,UgwRwzLB1FffTODkAod4AaABAg.AQlvjyVb5itAQlzzpQGsIp,@GregoryAbrahamianyour the reason the glazer don’t listen to fans with 0 ball knowledge and thinks a manger can fix everything no it’s a slow rebuild so back the manger or leave the club as I don’t want this rebuild to take longer.,@Mako10239,2025-12-16T00:37:19Z,0
QroJC82FVyc,UgxJJKA-6S6M9u3TtLV4AaABAg,UgxJJKA-6S6M9u3TtLV4AaABAg.AQlvczOPSkBAQlvr0L8dBe,Worst take ever 🥀,@bigdawg2566,2025-12-16T00:01:10Z,3
QroJC82FVyc,UgxJJKA-6S6M9u3TtLV4AaABAg,UgxJJKA-6S6M9u3TtLV4AaABAg.AQlvczOPSkBAQm-N6ljk6X,But lemmens is a good gk but should practice freekicks more but I don’t agree with the take the guy gave the other united players were good some sold like 3 to 4 players were bad.,@Mako10239,2025-12-16T00:40:38Z,0
QroJC82FVyc,UgxJJKA-6S6M9u3TtLV4AaABAg,UgxJJKA-6S6M9u3TtLV4AaABAg.AQlvczOPSkBAQmGRMmKTuW,"I don't know. He was very lucky on two occassions. In the first half he parried a shot straight back into the path of tavanier at 4:01. Also got extremely lucky parrying the ball almost into the path of the Bournemouth player again @ 15:40 which could of cost them the game. All the other saves I would expect a premier league keeper to make. Huge potential though, no doubt",@enragedenglish,2025-12-16T03:09:46Z,1
QroJC82FVyc,UgxJJKA-6S6M9u3TtLV4AaABAg,UgxJJKA-6S6M9u3TtLV4AaABAg.AQlvczOPSkBAQnyEF1qzS-,Just imagine if it was Onana 😂😂,@Turtlees,2025-12-16T19:00:25Z,5
QroJC82FVyc,Ugwqxb8hM_qo8EO1MJF4AaABAg,Ugwqxb8hM_qo8EO1MJF4AaABAg.AQlvcedd8PvAQm-eXe4BWN,The irony 😭,@nosymf,2025-12-16T00:43:09Z,17
QroJC82FVyc,Ugwqxb8hM_qo8EO1MJF4AaABAg,Ugwqxb8hM_qo8EO1MJF4AaABAg.AQlvcedd8PvAQm35_kgJOE,"It's obvious he only did it for attention, idk why ya are even talking about🤡",@miguel_7515,2025-12-16T01:13:12Z,1
QroJC82FVyc,Ugwqxb8hM_qo8EO1MJF4AaABAg,Ugwqxb8hM_qo8EO1MJF4AaABAg.AQlvcedd8PvAQm45MDput0,@miguel_7515why re you mad,@Nahanoo,2025-12-16T01:21:54Z,42
QroJC82FVyc,Ugwqxb8hM_qo8EO1MJF4AaABAg,Ugwqxb8hM_qo8EO1MJF4AaABAg.AQlvcedd8PvAQmEMI32Qr_,@NahanooMiguel is probably the life of the party wherever he goes,@kbustos23,2025-12-16T02:51:35Z,12
QroJC82FVyc,Ugz7sGpqgKbv9JB1L-94AaABAg,Ugz7sGpqgKbv9JB1L-94AaABAg.AQlvbyQZM-aAQlwVK79rhC,u must be failing every class then 😂,@Ikeapenci,2025-12-16T00:06:48Z,1
QroJC82FVyc,UgzBkCI82CplxA-G-kZ4AaABAg,UgzBkCI82CplxA-G-kZ4AaABAg.AQlv_KSQHIBAQm08oXh6Ot,"This team is rubbish even with De ligt 
This game would've probably turned out the same even with De Ligt",@jesseedili351,2025-12-16T00:47:25Z,18
QroJC82FVyc,UgzBkCI82CplxA-G-kZ4AaABAg,UgzBkCI82CplxA-G-kZ4AaABAg.AQlv_KSQHIBAQmM1j17n0p,*Maguire,@tylerwoods9903,2025-12-16T03:58:41Z,10
QroJC82FVyc,UgxexA1lS2_XNk-nxiJ4AaABAg,UgxexA1lS2_XNk-nxiJ4AaABAg.AQlvTkTCnnPAQlxbHZZaNy,Fr 😂,@JesusIsTheWay_Offical,2025-12-16T00:16:29Z,12
QroJC82FVyc,UgxexA1lS2_XNk-nxiJ4AaABAg,UgxexA1lS2_XNk-nxiJ4AaABAg.AQlvTkTCnnPAQlzcHDUUt1,What do fr means,@EricBrown2025,2025-12-16T00:34:06Z,1
QroJC82FVyc,UgxexA1lS2_XNk-nxiJ4AaABAg,UgxexA1lS2_XNk-nxiJ4AaABAg.AQlvTkTCnnPAQlzvlWmIW3,@EricBrown2025 'for real',@Yogoniogi,2025-12-16T00:36:46Z,7
QroJC82FVyc,UgxexA1lS2_XNk-nxiJ4AaABAg,UgxexA1lS2_XNk-nxiJ4AaABAg.AQlvTkTCnnPAQm-G584kWi,LOL hâhhaha,@huytranvu09,2025-12-16T00:39:41Z,1
QroJC82FVyc,UgxexA1lS2_XNk-nxiJ4AaABAg,UgxexA1lS2_XNk-nxiJ4AaABAg.AQlvTkTCnnPAQm0OXSgG1D,genuinely forgot about that guy,@fansile62,2025-12-16T00:49:34Z,21
QroJC82FVyc,UgzsxQHnOZ8HgnfyxpN4AaABAg,UgzsxQHnOZ8HgnfyxpN4AaABAg.AQlvKszSNEaAQlvWWb0Ahh,if u watched the games bournamoth did like 3 handballs in their own box,@justinbrar1997,2025-12-15T23:58:14Z,1
QroJC82FVyc,UgzsxQHnOZ8HgnfyxpN4AaABAg,UgzsxQHnOZ8HgnfyxpN4AaABAg.AQlvKszSNEaAQm8jq0ucxY,"VAR cant interfere on a play that isnt a penalty, a goal, or a red card. And how are the refs always for united when Semenyo should have been sent off and there was multiple potential penalties that went bournemouth's way. You just don't know ball and have twitter football knowledge",@Ginger7322,2025-12-16T02:02:31Z,2
QroJC82FVyc,UgwyAo1apT7N2VzfGQJ4AaABAg,UgwyAo1apT7N2VzfGQJ4AaABAg.AQlv8JOQ1ErAQlw_b6rutk,If you get a job at nbc sports you can help upload them faster,@Ghostfacewutango,2025-12-16T00:07:31Z,13
QroJC82FVyc,UgwyAo1apT7N2VzfGQJ4AaABAg,UgwyAo1apT7N2VzfGQJ4AaABAg.AQlv8JOQ1ErAQmOm3TIPbq,"but a very well done job, so, is this bad? it could be cbs where they straight up miss goals and spoil every sub's goal",@justawatchin2,2025-12-16T04:22:38Z,2
QroJC82FVyc,UgzbTVcttEWRiZdwl_V4AaABAg,UgzbTVcttEWRiZdwl_V4AaABAg.AQlv6xg6BsZAQm56dDYL-g,And will never be ignored.,@playedout148,2025-12-16T01:30:49Z,1
QroJC82FVyc,UgzbTVcttEWRiZdwl_V4AaABAg,UgzbTVcttEWRiZdwl_V4AaABAg.AQlv6xg6BsZAQmLA7jQDF6,We need proper midfielders to control games. Until that’s rectified we will continue on a downward spiral,@tonior3574,2025-12-16T03:51:06Z,9
QroJC82FVyc,UgzbTVcttEWRiZdwl_V4AaABAg,UgzbTVcttEWRiZdwl_V4AaABAg.AQlv6xg6BsZAQmOO6z4kSm,Manu is a terrible team,@fokusgt4087,2025-12-16T04:19:13Z,0
QroJC82FVyc,UgzbTVcttEWRiZdwl_V4AaABAg,UgzbTVcttEWRiZdwl_V4AaABAg.AQlv6xg6BsZAQwEoa-CDig,"They were lucky to come away with a point, to be honest.",@SeanFication,2025-12-20T00:08:00Z,0
QroJC82FVyc,UgzYu8pApN_3sBsaeE94AaABAg,UgzYu8pApN_3sBsaeE94AaABAg.AQlv1n-EVlmAQlv9Yst9Sw,No you weren’t,@johnjohnston8790,2025-12-15T23:55:05Z,0
QroJC82FVyc,UgzYu8pApN_3sBsaeE94AaABAg,UgzYu8pApN_3sBsaeE94AaABAg.AQlv1n-EVlmAQlvZvhsFaI,swordigo.....,@mizziefizzie_slo,2025-12-15T23:58:42Z,0
QroJC82FVyc,UgyN0JQlAa_hDcsljD14AaABAg,UgyN0JQlAa_hDcsljD14AaABAg.AQlv0XXpAyVAQlvowhGqiX,@npelaez09some ppl are busy at work mate,@SIU77_EDITZ,2025-12-16T00:00:53Z,1
QroJC82FVyc,UgyN0JQlAa_hDcsljD14AaABAg,UgyN0JQlAa_hDcsljD14AaABAg.AQlv0XXpAyVAQlx_T2Mgmn,Maan Telemundo said “I got yall they slacking”,@GoldenGames1K,2025-12-16T00:16:14Z,4
QroJC82FVyc,UgyN0JQlAa_hDcsljD14AaABAg,UgyN0JQlAa_hDcsljD14AaABAg.AQlv0XXpAyVAQlzvz2Qg6S,@SIU77_EDITZ Its probably time to start looking for a new job.,@nikolazunic6482,2025-12-16T00:36:47Z,0
QroJC82FVyc,UgyN0JQlAa_hDcsljD14AaABAg,UgyN0JQlAa_hDcsljD14AaABAg.AQlv0XXpAyVAQm-AcCj7N6,It’s perfect what are you talking about,@xkillerknife1177,2025-12-16T00:38:56Z,14
QroJC82FVyc,UgyN0JQlAa_hDcsljD14AaABAg,UgyN0JQlAa_hDcsljD14AaABAg.AQlv0XXpAyVAQm-DzhR8DN,@nikolazunic6482not saying i have a job just saying some ppl do and they can’t help it,@SIU77_EDITZ,2025-12-16T00:39:23Z,0
QroJC82FVyc,UgzlDgfrZhrOaNkW7sl4AaABAg,UgzlDgfrZhrOaNkW7sl4AaABAg.AQluzir0jhrAQlvBK08l8o,You thought,@johnjohnston8790,2025-12-15T23:55:20Z,0
